condition,model,n,selected_epoch_mean,selected_last_count,train_acc_final_mean,train_loss_final_mean,val_loss_min_mean
cifar_full,dann_lrf,20,29.65,14,0.4943211111111111,1.4239458014880286,1.4689206441116334
cifar_full,naive_branch,20,29.55,13,0.47980333333333325,1.4754614390924243,1.521161228752136
cifar_full,naive_branch_matched_init,20,29.7,15,0.48019999999999996,1.4735125882901086,1.5192826234531402
fashion_full,dann_lrf,20,29.7,15,0.8891935185185185,0.3101350774038721,0.3403494701842467
fashion_full,naive_branch,20,29.3,10,0.885149074074074,0.3212026220983929,0.3496421016653378
fashion_full,naive_branch_matched_init,20,29.15,11,0.8844972222222222,0.32230602679605835,0.3514383389890193
kmnist_full,dann_lrf,20,29.65,13,0.9265740740740741,0.24742606158477284,0.30253882470329596
kmnist_full,naive_branch,20,29.7,15,0.925362037037037,0.2506380303407157,0.30661817076404885
kmnist_full,naive_branch_matched_init,20,29.65,13,0.9243962962962963,0.2537441430849057,0.309154657659928
