unit_id,condition,model,seed,selected_epoch,selected_last,train_acc_final,train_loss_final,val_loss_min
cifar_full__dann_lrf__s00,cifar_full,dann_lrf,0,30,True,0.4903555555555555,1.42995281124115,1.4842249755859376
cifar_full__dann_lrf__s01,cifar_full,dann_lrf,1,30,True,0.4969111111111111,1.4128785401026407,1.454006749343872
cifar_full__dann_lrf__s02,cifar_full,dann_lrf,2,30,True,0.4969777777777778,1.4165319846047295,1.484088047027588
cifar_full__dann_lrf__s03,cifar_full,dann_lrf,3,30,True,0.4958888888888889,1.4185522269566857,1.4491435077667236
cifar_full__dann_lrf__s04,cifar_full,dann_lrf,4,30,True,0.4877777777777777,1.4350137326558432,1.4856529720306395
cifar_full__dann_lrf__s05,cifar_full,dann_lrf,5,29,False,0.4985555555555555,1.4124572878519694,1.4660676418304444
cifar_full__dann_lrf__s06,cifar_full,dann_lrf,6,30,True,0.4963111111111111,1.4251494764328003,1.4624065368652344
cifar_full__dann_lrf__s07,cifar_full,dann_lrf,7,29,False,0.4926,1.4336170045428809,1.4762872089385983
cifar_full__dann_lrf__s08,cifar_full,dann_lrf,8,30,True,0.5000222222222223,1.4095403223461576,1.4315851858139037
cifar_full__dann_lrf__s09,cifar_full,dann_lrf,9,29,False,0.4933333333333333,1.4285222284317016,1.480499203491211
cifar_full__dann_lrf__s10,cifar_full,dann_lrf,10,30,True,0.493,1.4298959629058838,1.5116450551986695
cifar_full__dann_lrf__s11,cifar_full,dann_lrf,11,30,True,0.4938444444444444,1.4295541197458903,1.4647196603775023
cifar_full__dann_lrf__s12,cifar_full,dann_lrf,12,29,False,0.4959777777777778,1.4196785192065768,1.4746057186126709
cifar_full__dann_lrf__s13,cifar_full,dann_lrf,13,30,True,0.4898222222222222,1.436555297999912,1.4818456666946411
cifar_full__dann_lrf__s14,cifar_full,dann_lrf,14,30,True,0.4926222222222222,1.4347474330478245,1.4650996572494508
cifar_full__dann_lrf__s15,cifar_full,dann_lrf,15,30,True,0.4978444444444444,1.4152936332914563,1.434027847480774
cifar_full__dann_lrf__s16,cifar_full,dann_lrf,16,29,False,0.4946,1.4166581270853678,1.4640751243591308
cifar_full__dann_lrf__s17,cifar_full,dann_lrf,17,30,True,0.4941111111111111,1.4289920817693074,1.4591558568954468
cifar_full__dann_lrf__s18,cifar_full,dann_lrf,18,30,True,0.4951555555555555,1.418573075358073,1.4784573539733887
cifar_full__dann_lrf__s19,cifar_full,dann_lrf,19,28,False,0.4907111111111111,1.4267521641837226,1.4708189126968385
cifar_full__naive_branch__s00,cifar_full,naive_branch,0,30,True,0.4782888888888889,1.4864712163501317,1.554641429901123
cifar_full__naive_branch__s01,cifar_full,naive_branch,1,30,True,0.4840888888888889,1.462271452437507,1.520441217803955
cifar_full__naive_branch__s02,cifar_full,naive_branch,2,30,True,0.4853777777777778,1.461422016122606,1.5225939268112183
cifar_full__naive_branch__s03,cifar_full,naive_branch,3,30,True,0.4738888888888889,1.4866076651891074,1.520562419700623
cifar_full__naive_branch__s04,cifar_full,naive_branch,4,30,True,0.4800444444444444,1.4718325498369005,1.5139850749969483
cifar_full__naive_branch__s05,cifar_full,naive_branch,5,29,False,0.4757333333333333,1.4843213462617662,1.5233212768554687
cifar_full__naive_branch__s06,cifar_full,naive_branch,6,30,True,0.4804666666666666,1.4757126809226142,1.5128417177200315
cifar_full__naive_branch__s07,cifar_full,naive_branch,7,29,False,0.4815555555555555,1.4764136318630643,1.505247909927368
cifar_full__naive_branch__s08,cifar_full,naive_branch,8,30,True,0.4812222222222222,1.476012734413147,1.50957333316803
cifar_full__naive_branch__s09,cifar_full,naive_branch,9,29,False,0.4789555555555556,1.4690669486575656,1.509336912918091
cifar_full__naive_branch__s10,cifar_full,naive_branch,10,30,True,0.4794,1.47136976208157,1.5383233297348022
cifar_full__naive_branch__s11,cifar_full,naive_branch,11,30,True,0.4815111111111111,1.470793110296461,1.5050698362350463
cifar_full__naive_branch__s12,cifar_full,naive_branch,12,28,False,0.4776666666666667,1.476211697769165,1.5308550691604614
cifar_full__naive_branch__s13,cifar_full,naive_branch,13,30,True,0.4816444444444444,1.4700956429375542,1.5284893850326535
cifar_full__naive_branch__s14,cifar_full,naive_branch,14,30,True,0.4739555555555556,1.4890442289140489,1.5294289976119997
cifar_full__naive_branch__s15,cifar_full,naive_branch,15,30,True,0.4820666666666666,1.474999333169725,1.488299030685425
cifar_full__naive_branch__s16,cifar_full,naive_branch,16,29,False,0.4817555555555555,1.4689235676659478,1.5217300941467284
cifar_full__naive_branch__s17,cifar_full,naive_branch,17,29,False,0.4773333333333333,1.484894336658054,1.5159320125579834
cifar_full__naive_branch__s18,cifar_full,naive_branch,18,30,True,0.4864888888888889,1.4604907226986354,1.5368141305923462
cifar_full__naive_branch__s19,cifar_full,naive_branch,19,28,False,0.4746222222222222,1.492274137602912,1.535737469482422
cifar_full__naive_branch_matched_init__s00,cifar_full,naive_branch_matched_init,0,30,True,0.4823333333333333,1.4659096449746023,1.5303756313323975
cifar_full__naive_branch_matched_init__s01,cifar_full,naive_branch_matched_init,1,30,True,0.4840222222222222,1.4684948112487792,1.5085693382263183
cifar_full__naive_branch_matched_init__s02,cifar_full,naive_branch_matched_init,2,30,True,0.4803555555555555,1.4694305384741888,1.551649711036682
cifar_full__naive_branch_matched_init__s03,cifar_full,naive_branch_matched_init,3,30,True,0.4798,1.476724800491333,1.5150580642700195
cifar_full__naive_branch_matched_init__s04,cifar_full,naive_branch_matched_init,4,30,True,0.4781111111111111,1.478415514988369,1.5128755060195922
cifar_full__naive_branch_matched_init__s05,cifar_full,naive_branch_matched_init,5,29,False,0.4785555555555555,1.484349141354031,1.5304444408416749
cifar_full__naive_branch_matched_init__s06,cifar_full,naive_branch_matched_init,6,30,True,0.4870888888888889,1.4606474745220608,1.490038561630249
cifar_full__naive_branch_matched_init__s07,cifar_full,naive_branch_matched_init,7,29,False,0.4786888888888889,1.4792204237831963,1.5197902671813963
cifar_full__naive_branch_matched_init__s08,cifar_full,naive_branch_matched_init,8,30,True,0.4768,1.4798530054092407,1.5004833810806275
cifar_full__naive_branch_matched_init__s09,cifar_full,naive_branch_matched_init,9,29,False,0.4772222222222222,1.4817749303393897,1.528686375617981
cifar_full__naive_branch_matched_init__s10,cifar_full,naive_branch_matched_init,10,30,True,0.4824,1.467835318099128,1.5418570793151856
cifar_full__naive_branch_matched_init__s11,cifar_full,naive_branch_matched_init,11,30,True,0.4787555555555555,1.4742342762417264,1.517003807067871
cifar_full__naive_branch_matched_init__s12,cifar_full,naive_branch_matched_init,12,28,False,0.4819333333333333,1.466358887524075,1.525181785964966
cifar_full__naive_branch_matched_init__s13,cifar_full,naive_branch_matched_init,13,30,True,0.4806888888888889,1.4741052144580418,1.531284821510315
cifar_full__naive_branch_matched_init__s14,cifar_full,naive_branch_matched_init,14,30,True,0.4817777777777778,1.4694730283949111,1.5000547971725464
cifar_full__naive_branch_matched_init__s15,cifar_full,naive_branch_matched_init,15,30,True,0.4804222222222222,1.4716190720240274,1.4900930822372436
cifar_full__naive_branch_matched_init__s16,cifar_full,naive_branch_matched_init,16,30,True,0.4825333333333333,1.4653025273852878,1.5170692644119264
cifar_full__naive_branch_matched_init__s17,cifar_full,naive_branch_matched_init,17,29,False,0.4745111111111111,1.495519370651245,1.5203780464172365
cifar_full__naive_branch_matched_init__s18,cifar_full,naive_branch_matched_init,18,30,True,0.4780666666666666,1.4678304848353068,1.5393382860183715
cifar_full__naive_branch_matched_init__s19,cifar_full,naive_branch_matched_init,19,30,True,0.4799333333333333,1.473153300603231,1.515420221710205
fashion_full__dann_lrf__s00,fashion_full,dann_lrf,0,30,True,0.8894074074074074,0.3100476526331018,0.3504089951912562
fashion_full__dann_lrf__s01,fashion_full,dann_lrf,1,30,True,0.8928148148148148,0.3012931932078467,0.3390182402133941
fashion_full__dann_lrf__s02,fashion_full,dann_lrf,2,30,True,0.8893888888888889,0.3086042560206519,0.3254442140261332
fashion_full__dann_lrf__s03,fashion_full,dann_lrf,3,30,True,0.8889074074074074,0.3092073990680553,0.3347357197205226
fashion_full__dann_lrf__s04,fashion_full,dann_lrf,4,30,True,0.8896481481481482,0.3109396952699731,0.3400023848215739
fashion_full__dann_lrf__s05,fashion_full,dann_lrf,5,29,False,0.8885185185185185,0.3106738299793667,0.3450217119852702
fashion_full__dann_lrf__s06,fashion_full,dann_lrf,6,30,True,0.8906666666666667,0.3096876927305151,0.3297093447844187
fashion_full__dann_lrf__s07,fashion_full,dann_lrf,7,30,True,0.8890185185185185,0.3117082144331049,0.3433869758447011
fashion_full__dann_lrf__s08,fashion_full,dann_lrf,8,30,True,0.8864444444444445,0.3165375322412561,0.3289033348560333
fashion_full__dann_lrf__s09,fashion_full,dann_lrf,9,30,True,0.8871111111111111,0.3123006635506948,0.3398020420869191
fashion_full__dann_lrf__s10,fashion_full,dann_lrf,10,30,True,0.8877592592592592,0.3140427976007814,0.3415661041736603
fashion_full__dann_lrf__s11,fashion_full,dann_lrf,11,29,False,0.8889074074074074,0.3118571651070206,0.3493651786645254
fashion_full__dann_lrf__s12,fashion_full,dann_lrf,12,30,True,0.8884074074074074,0.3138408872992904,0.3426063538392385
fashion_full__dann_lrf__s13,fashion_full,dann_lrf,13,30,True,0.8893518518518518,0.3109965561142674,0.3339302558898925
fashion_full__dann_lrf__s14,fashion_full,dann_lrf,14,29,False,0.8880185185185185,0.3122517762625659,0.356395896355311
fashion_full__dann_lrf__s15,fashion_full,dann_lrf,15,30,True,0.8880555555555556,0.3132663379731001,0.3355089290936788
fashion_full__dann_lrf__s16,fashion_full,dann_lrf,16,29,False,0.8912407407407408,0.3022171010088038,0.3432609519958496
fashion_full__dann_lrf__s17,fashion_full,dann_lrf,17,28,False,0.8896851851851851,0.3102051716115739,0.3432094360192617
fashion_full__dann_lrf__s18,fashion_full,dann_lrf,18,30,True,0.8890185185185185,0.3086201103263431,0.3441156479517618
fashion_full__dann_lrf__s19,fashion_full,dann_lrf,19,30,True,0.8915,0.3044035156391285,0.3405976861715317
fashion_full__naive_branch__s00,fashion_full,naive_branch,0,29,False,0.8843888888888889,0.3243705034609194,0.3503559885819753
fashion_full__naive_branch__s01,fashion_full,naive_branch,1,30,True,0.8872962962962962,0.3161656304288793,0.349057933251063
fashion_full__naive_branch__s02,fashion_full,naive_branch,2,30,True,0.884462962962963,0.3265124621391296,0.3474001364707946
fashion_full__naive_branch__s03,fashion_full,naive_branch,3,30,True,0.8836111111111111,0.3250888538183989,0.3533630624612172
fashion_full__naive_branch__s04,fashion_full,naive_branch,4,30,True,0.8834814814814815,0.3267710761759016,0.3524316776593526
fashion_full__naive_branch__s05,fashion_full,naive_branch,5,29,False,0.8865185185185185,0.3164912456141577,0.3390855731964111
fashion_full__naive_branch__s06,fashion_full,naive_branch,6,30,True,0.8849074074074074,0.3207659747953768,0.3327529654502869
fashion_full__naive_branch__s07,fashion_full,naive_branch,7,28,False,0.8845925925925926,0.3236783477465311,0.3490971519152323
fashion_full__naive_branch__s08,fashion_full,naive_branch,8,29,False,0.8849074074074074,0.323843293234154,0.3459599342346191
fashion_full__naive_branch__s09,fashion_full,naive_branch,9,29,False,0.8842777777777778,0.3183607438670264,0.3448316504160563
fashion_full__naive_branch__s10,fashion_full,naive_branch,10,30,True,0.8825555555555555,0.3288000602633865,0.3513886722723643
fashion_full__naive_branch__s11,fashion_full,naive_branch,11,29,False,0.8844074074074074,0.3210197583746027,0.3572270287672678
fashion_full__naive_branch__s12,fashion_full,naive_branch,12,30,True,0.8844444444444445,0.3229248043077963,0.3570046780109405
fashion_full__naive_branch__s13,fashion_full,naive_branch,13,30,True,0.8877037037037037,0.3147254221086148,0.3391242203712463
fashion_full__naive_branch__s14,fashion_full,naive_branch,14,27,False,0.8855185185185185,0.3196686626805199,0.3656841990947723
fashion_full__naive_branch__s15,fashion_full,naive_branch,15,30,True,0.8855925925925926,0.3212133427814201,0.3463641863663991
fashion_full__naive_branch__s16,fashion_full,naive_branch,16,29,False,0.8841296296296296,0.3231814979977078,0.3616062723795573
fashion_full__naive_branch__s17,fashion_full,naive_branch,17,28,False,0.8863703703703704,0.3214538867826815,0.3433549732367197
fashion_full__naive_branch__s18,fashion_full,naive_branch,18,30,True,0.8869444444444444,0.3150966336992052,0.3492271548906962
fashion_full__naive_branch__s19,fashion_full,naive_branch,19,29,False,0.8868703703703704,0.313920241691448,0.3575245742797852
fashion_full__naive_branch_matched_init__s00,fashion_full,naive_branch_matched_init,0,30,True,0.8855740740740741,0.3177035613148301,0.3570966720581054
fashion_full__naive_branch_matched_init__s01,fashion_full,naive_branch_matched_init,1,28,False,0.8860555555555556,0.3172956952518887,0.3556310851573944
fashion_full__naive_branch_matched_init__s02,fashion_full,naive_branch_matched_init,2,30,True,0.8823518518518518,0.3288665250054112,0.3438047017256418
fashion_full__naive_branch_matched_init__s03,fashion_full,naive_branch_matched_init,3,30,True,0.8866851851851851,0.3163805952690265,0.3479510197242101
fashion_full__naive_branch_matched_init__s04,fashion_full,naive_branch_matched_init,4,30,True,0.8856666666666667,0.3220532193272202,0.3461359572410583
fashion_full__naive_branch_matched_init__s05,fashion_full,naive_branch_matched_init,5,30,True,0.8843518518518518,0.3196629705870593,0.3558164664904276
fashion_full__naive_branch_matched_init__s06,fashion_full,naive_branch_matched_init,6,30,True,0.8835185185185185,0.324796613657916,0.3445106537342071
fashion_full__naive_branch_matched_init__s07,fashion_full,naive_branch_matched_init,7,30,True,0.8843888888888889,0.324394790313862,0.3566456760565439
fashion_full__naive_branch_matched_init__s08,fashion_full,naive_branch_matched_init,8,30,True,0.8834074074074074,0.3252244692113664,0.3368579029242197
fashion_full__naive_branch_matched_init__s09,fashion_full,naive_branch_matched_init,9,29,False,0.8832777777777778,0.3210997176788471,0.3458821540673574
fashion_full__naive_branch_matched_init__s10,fashion_full,naive_branch_matched_init,10,26,False,0.8841296296296296,0.3255285041597154,0.3548522964318593
fashion_full__naive_branch_matched_init__s11,fashion_full,naive_branch_matched_init,11,29,False,0.8821481481481481,0.3317003759278191,0.3611392327149709
fashion_full__naive_branch_matched_init__s12,fashion_full,naive_branch_matched_init,12,28,False,0.8842962962962962,0.3223242457531116,0.3524946408271789
fashion_full__naive_branch_matched_init__s13,fashion_full,naive_branch_matched_init,13,29,False,0.8832222222222222,0.3230322179970918,0.3462077567577362
fashion_full__naive_branch_matched_init__s14,fashion_full,naive_branch_matched_init,14,27,False,0.8849259259259259,0.3220805923144023,0.3644605619907379
fashion_full__naive_branch_matched_init__s15,fashion_full,naive_branch_matched_init,15,30,True,0.885425925925926,0.3193828787715346,0.3405944101015726
fashion_full__naive_branch_matched_init__s16,fashion_full,naive_branch_matched_init,16,29,False,0.8852777777777778,0.3192284109239225,0.3598822048505147
fashion_full__naive_branch_matched_init__s17,fashion_full,naive_branch_matched_init,17,28,False,0.8859074074074074,0.3196192569467756,0.3518367234071096
fashion_full__naive_branch_matched_init__s18,fashion_full,naive_branch_matched_init,18,30,True,0.8846666666666667,0.326599688273889,0.355162881453832
fashion_full__naive_branch_matched_init__s19,fashion_full,naive_branch_matched_init,19,30,True,0.8846666666666667,0.3191462072354776,0.3518037820657094
kmnist_full__dann_lrf__s00,kmnist_full,dann_lrf,0,29,False,0.9280555555555556,0.2447413823692887,0.292284562031428
kmnist_full__dann_lrf__s01,kmnist_full,dann_lrf,1,30,True,0.9276851851851852,0.2491962297757466,0.3007931442260742
kmnist_full__dann_lrf__s02,kmnist_full,dann_lrf,2,30,True,0.9256666666666666,0.2461652005601812,0.2971320497989654
kmnist_full__dann_lrf__s03,kmnist_full,dann_lrf,3,30,True,0.9252592592592592,0.2543551659319136,0.2906388623714447
kmnist_full__dann_lrf__s04,kmnist_full,dann_lrf,4,29,False,0.9269444444444443,0.2465688167677985,0.304676727771759
kmnist_full__dann_lrf__s05,kmnist_full,dann_lrf,5,30,True,0.9239444444444443,0.2553817087279426,0.3052950306733449
kmnist_full__dann_lrf__s06,kmnist_full,dann_lrf,6,30,True,0.9260555555555556,0.248459858779554,0.3082769682407379
kmnist_full__dann_lrf__s07,kmnist_full,dann_lrf,7,30,True,0.9292222222222222,0.2398394340144263,0.2940859783490498
kmnist_full__dann_lrf__s08,kmnist_full,dann_lrf,8,30,True,0.9254814814814816,0.2551635472156383,0.3164490290482838
kmnist_full__dann_lrf__s09,kmnist_full,dann_lrf,9,29,False,0.9256111111111112,0.2489516766424532,0.2949575055440266
kmnist_full__dann_lrf__s10,kmnist_full,dann_lrf,10,29,False,0.9248703703703705,0.2504734333444525,0.3096121768156687
kmnist_full__dann_lrf__s11,kmnist_full,dann_lrf,11,29,False,0.9276111111111112,0.2420598186916775,0.2895576255321502
kmnist_full__dann_lrf__s12,kmnist_full,dann_lrf,12,30,True,0.9264074074074076,0.2476582687784124,0.3176170745690663
kmnist_full__dann_lrf__s13,kmnist_full,dann_lrf,13,30,True,0.927074074074074,0.2471810519695282,0.3159609938462575
kmnist_full__dann_lrf__s14,kmnist_full,dann_lrf,14,29,False,0.9247407407407408,0.2531692677868737,0.2862527528603871
kmnist_full__dann_lrf__s15,kmnist_full,dann_lrf,15,30,True,0.9266296296296296,0.2450561144351959,0.3078845702807108
kmnist_full__dann_lrf__s16,kmnist_full,dann_lrf,16,30,True,0.925037037037037,0.2504350323765366,0.3247958907286326
kmnist_full__dann_lrf__s17,kmnist_full,dann_lrf,17,30,True,0.9307407407407408,0.2331014678831453,0.2859455865224202
kmnist_full__dann_lrf__s18,kmnist_full,dann_lrf,18,30,True,0.9288518518518518,0.2401411695656953,0.2960426033735275
kmnist_full__dann_lrf__s19,kmnist_full,dann_lrf,19,29,False,0.9255925925925926,0.250422586078997,0.3125173614819844
kmnist_full__naive_branch__s00,kmnist_full,naive_branch,0,30,True,0.9249444444444443,0.2517497519916958,0.2976354784170786
kmnist_full__naive_branch__s01,kmnist_full,naive_branch,1,30,True,0.9287777777777778,0.2431548037352385,0.2958137047290802
kmnist_full__naive_branch__s02,kmnist_full,naive_branch,2,30,True,0.9245,0.2513043669064839,0.3101981802781423
kmnist_full__naive_branch__s03,kmnist_full,naive_branch,3,30,True,0.9231296296296296,0.2599547643219983,0.289351881702741
kmnist_full__naive_branch__s04,kmnist_full,naive_branch,4,30,True,0.9258148148148148,0.2461338758292021,0.3187564475138982
kmnist_full__naive_branch__s05,kmnist_full,naive_branch,5,30,True,0.9273148148148148,0.244602008069003,0.2799796676635742
kmnist_full__naive_branch__s06,kmnist_full,naive_branch,6,30,True,0.921351851851852,0.2598088174484394,0.3179027853806813
kmnist_full__naive_branch__s07,kmnist_full,naive_branch,7,30,True,0.925425925925926,0.2490372972532555,0.3100716484387715
kmnist_full__naive_branch__s08,kmnist_full,naive_branch,8,30,True,0.923425925925926,0.2555359271102481,0.325465156118075
kmnist_full__naive_branch__s09,kmnist_full,naive_branch,9,28,False,0.9260555555555556,0.2466628488699595,0.294370681643486
kmnist_full__naive_branch__s10,kmnist_full,naive_branch,10,29,False,0.9264814814814816,0.2502190812693702,0.3179611555337905
kmnist_full__naive_branch__s11,kmnist_full,naive_branch,11,29,False,0.9284444444444444,0.2412657588367109,0.2982851697603861
kmnist_full__naive_branch__s12,kmnist_full,naive_branch,12,29,False,0.927425925925926,0.2483815511067708,0.3101078324317932
kmnist_full__naive_branch__s13,kmnist_full,naive_branch,13,30,True,0.9246111111111112,0.252172777891159,0.3242238875230153
kmnist_full__naive_branch__s14,kmnist_full,naive_branch,14,30,True,0.9259444444444443,0.2503268139715548,0.2971792606115341
kmnist_full__naive_branch__s15,kmnist_full,naive_branch,15,29,False,0.922537037037037,0.259704615328047,0.3204011348883311
kmnist_full__naive_branch__s16,kmnist_full,naive_branch,16,30,True,0.9260555555555556,0.2465799122033296,0.3203607294559479
kmnist_full__naive_branch__s17,kmnist_full,naive_branch,17,30,True,0.9235925925925926,0.2587613982756933,0.2996111345291137
kmnist_full__naive_branch__s18,kmnist_full,naive_branch,18,30,True,0.9239814814814816,0.253181499534183,0.3052918879588445
kmnist_full__naive_branch__s19,kmnist_full,naive_branch,19,30,True,0.927425925925926,0.2442227368619706,0.2993955907026926
kmnist_full__naive_branch_matched_init__s00,kmnist_full,naive_branch_matched_init,0,29,False,0.9267962962962965,0.2481174940488956,0.2992394872109095
kmnist_full__naive_branch_matched_init__s01,kmnist_full,naive_branch_matched_init,1,30,True,0.9241851851851852,0.2563191497590806,0.2997571406364441
kmnist_full__naive_branch_matched_init__s02,kmnist_full,naive_branch_matched_init,2,30,True,0.922425925925926,0.2603031523669207,0.3139540026187897
kmnist_full__naive_branch_matched_init__s03,kmnist_full,naive_branch_matched_init,3,30,True,0.9203148148148148,0.2672423361672295,0.30376185297966
kmnist_full__naive_branch_matched_init__s04,kmnist_full,naive_branch_matched_init,4,29,False,0.9217407407407407,0.2586717803654847,0.3263553721110026
kmnist_full__naive_branch_matched_init__s05,kmnist_full,naive_branch_matched_init,5,30,True,0.9244444444444444,0.2563499617841508,0.2915021628538767
kmnist_full__naive_branch_matched_init__s06,kmnist_full,naive_branch_matched_init,6,30,True,0.9228518518518518,0.2579547056621975,0.3061475614706675
kmnist_full__naive_branch_matched_init__s07,kmnist_full,naive_branch_matched_init,7,30,True,0.9225925925925926,0.2579497732674634,0.3130254867076874
kmnist_full__naive_branch_matched_init__s08,kmnist_full,naive_branch_matched_init,8,30,True,0.9253333333333332,0.2502217831479179,0.3155198801358541
kmnist_full__naive_branch_matched_init__s09,kmnist_full,naive_branch_matched_init,9,29,False,0.9258148148148148,0.2484146836422107,0.302445902744929
kmnist_full__naive_branch_matched_init__s10,kmnist_full,naive_branch_matched_init,10,29,False,0.9226296296296296,0.2577635649045308,0.3268394264380137
kmnist_full__naive_branch_matched_init__s11,kmnist_full,naive_branch_matched_init,11,29,False,0.926648148148148,0.2479068160145371,0.3108127302328745
kmnist_full__naive_branch_matched_init__s12,kmnist_full,naive_branch_matched_init,12,30,True,0.9244814814814816,0.2543115847773022,0.31988410170873
kmnist_full__naive_branch_matched_init__s13,kmnist_full,naive_branch_matched_init,13,29,False,0.9243703703703704,0.2564307189694157,0.3211524929205576
kmnist_full__naive_branch_matched_init__s14,kmnist_full,naive_branch_matched_init,14,30,True,0.9257037037037036,0.2476094492629722,0.2816326340039571
kmnist_full__naive_branch_matched_init__s15,kmnist_full,naive_branch_matched_init,15,30,True,0.9229444444444443,0.2575469260215759,0.3282400345007578
kmnist_full__naive_branch_matched_init__s16,kmnist_full,naive_branch_matched_init,16,29,False,0.9233703703703704,0.2575415397661703,0.3230843338171641
kmnist_full__naive_branch_matched_init__s17,kmnist_full,naive_branch_matched_init,17,30,True,0.9276111111111112,0.2417350447177887,0.2978145170609156
kmnist_full__naive_branch_matched_init__s18,kmnist_full,naive_branch_matched_init,18,30,True,0.9282592592592592,0.2422622335663548,0.2868188865582148
kmnist_full__naive_branch_matched_init__s19,kmnist_full,naive_branch_matched_init,19,30,True,0.9254074074074076,0.2502301634859156,0.3151051464875539
