panel,condition,alpha_d,acc_mean_pct,acc_sd_pct,n,lr,lrf_minus_nb_pp,ci_low_pp,ci_high_pp
a,fashion_full,0.0,87.276,0.21193290342830998,10,,,,
a,fashion_full,0.05,87.13,0.22524061208701002,10,,,,
a,fashion_full,0.1,87.069,0.22737389667436997,10,,,,
a,fashion_full,0.2,86.914,0.22066565961502,10,,,,
a,fashion_full,0.5,86.759,0.16947303948153,10,,,,
a,fashion_full,1.0,86.658,0.07800284895082,10,,,,
b,kmnist_full,0.0,81.011,0.42351570874709,10,,,,
b,kmnist_full,0.05,81.002,0.48982536570586,10,,,,
b,kmnist_full,0.1,80.986,0.44013129354268005,10,,,,
b,kmnist_full,0.2,80.953,0.35854799771671003,10,,,,
b,kmnist_full,0.5,80.796,0.37053115028743,10,,,,
b,kmnist_full,1.0,80.828,0.24444040400700998,10,,,,
c,cifar_full,0.0,48.467,0.23734878226872003,10,,,,
c,cifar_full,0.05,48.208,0.27816062505920996,10,,,,
c,cifar_full,0.1,47.806,0.34692938762808,10,,,,
c,cifar_full,0.2,47.467999999999996,0.31101268284249,10,,,,
c,cifar_full,0.5,46.79,0.36196991894661,10,,,,
c,cifar_full,1.0,46.593,0.47361611271389004,10,,,,
d,fashion_full,,,,5,0.0003,0.26,-0.01,0.53
d,fashion_full,,,,5,0.001,0.616,0.45,0.782
d,fashion_full,,,,5,0.003,0.536,0.24,0.832
d,kmnist_full,,,,5,0.0003,-0.45,-0.7759999999999999,-0.178
d,kmnist_full,,,,5,0.001,0.022,-0.4,0.446
d,kmnist_full,,,,5,0.003,0.346,-0.146,0.834
d,cifar_full,,,,5,0.0003,0.698,0.422,0.886
d,cifar_full,,,,5,0.001,0.836,0.33,1.4219999999999997
d,cifar_full,,,,5,0.003,1.204,0.828,1.546
