panel,dataset,K,B,acc_mean_pct,acc_sd_pct,params,lrf_minus_random_pp,ci_low_pp,ci_high_pp,patch
a,fashion_full,8.0,2.0,85.514,0.24905822612393,3978.0,,,,
a,fashion_full,8.0,4.0,86.194,0.29551649700143,6538.0,,,,
a,fashion_full,8.0,8.0,86.992,0.27878306978724,11658.0,,,,
a,fashion_full,16.0,2.0,86.278,0.12336936410632,6026.0,,,,
a,fashion_full,16.0,4.0,87.07000000000001,0.30207614933986,10634.0,,,,
a,fashion_full,16.0,8.0,87.796,0.09710818709048,19850.0,,,,
a,fashion_full,32.0,2.0,86.464,0.210309296038,10122.0,,,,
a,fashion_full,32.0,4.0,87.39399999999999,0.29364945087637,18826.0,,,,
a,fashion_full,32.0,8.0,88.104,0.20107212636265,36234.0,,,,
b,kmnist_full,8.0,2.0,75.33999999999999,0.68963758598266,3978.0,,,,
b,kmnist_full,8.0,4.0,78.46600000000001,0.35401977345905,6538.0,,,,
b,kmnist_full,8.0,8.0,81.57600000000001,0.18568791021496,11658.0,,,,
b,kmnist_full,16.0,2.0,77.666,0.51911463088608,6026.0,,,,
b,kmnist_full,16.0,4.0,80.864,0.40159681273635,10634.0,,,,
b,kmnist_full,16.0,8.0,83.93,0.17720045146669,19850.0,,,,
b,kmnist_full,32.0,2.0,77.762,0.16543881044059,10122.0,,,,
b,kmnist_full,32.0,4.0,81.216,0.47226052132271,18826.0,,,,
b,kmnist_full,32.0,8.0,84.756,0.25686572367678,36234.0,,,,
c,kmnist_full,8.0,2.0,,,,1.084,0.706,1.54,
c,kmnist_full,8.0,4.0,,,,0.84,0.544,1.268199999999997,
c,kmnist_full,8.0,8.0,,,,1.006,0.80195,1.202,
c,kmnist_full,16.0,2.0,,,,-0.7859999999999999,-0.996,-0.64,
c,kmnist_full,16.0,4.0,,,,-0.528,-0.922,0.02,
c,kmnist_full,16.0,8.0,,,,-0.048,-0.262,0.174,
c,kmnist_full,32.0,2.0,,,,-3.952,-4.224,-3.656,
c,kmnist_full,32.0,4.0,,,,-3.59,-4.066,-3.192,
c,kmnist_full,32.0,8.0,,,,-1.642,-2.038,-1.236,
d,fashion_full,,,86.124,0.32508460437246,,,,,2.0
d,fashion_full,,,87.07000000000001,0.30207614933986,,,,,4.0
d,fashion_full,,,86.866,0.30270447634615,,,,,6.0
d,kmnist_full,,,74.81,0.53197744313081,,,,,2.0
d,kmnist_full,,,80.864,0.40159681273635,,,,,4.0
d,kmnist_full,,,83.082,0.19917329138215,,,,,6.0
