path,source,source_sha256,public_sha256,sanitized,note
r1/runs/2026-10-03_claude_mta_cuda_r1_frozen/RUN_MANIFEST.json,experiments/2026-10-03_claude_mta_cuda_r1_frozen/RUN_MANIFEST.json,31F6327DAFCFCFED05282FE28C77D0FB4457EC01817CA0E941A54B216B87B46A,042A089F37E0727B7AF2B8AE2CAACE8BD813A2DF29D98E93EB5A222CB102ED9F,True,
r1/runs/2026-10-03_claude_mta_cuda_r1_frozen/configs/IDENTITY.json,experiments/2026-10-03_claude_mta_cuda_r1_frozen/configs/IDENTITY.json,F2BE64065A3CAE8DFB090431FAB43EE14B8FDE3713D157782D78C5BC6C514AFD,F2BE64065A3CAE8DFB090431FAB43EE14B8FDE3713D157782D78C5BC6C514AFD,False,
r1/runs/2026-10-03_claude_mta_cuda_r1_frozen/configs/plan_frozen_all.json,experiments/2026-10-03_claude_mta_cuda_r1_frozen/configs/plan_frozen_all.json,DA9CD235A79D9EE5B59CB8E26F9F3F7138BE56F36A832F8235C5FE5503FD007D,DA9CD235A79D9EE5B59CB8E26F9F3F7138BE56F36A832F8235C5FE5503FD007D,False,
r1/runs/2026-10-03_claude_mta_cuda_r1_frozen/src/benchmark.py,experiments/2026-10-03_claude_mta_cuda_r1_frozen/src/benchmark.py,02588D75DADA8B5D2F7C2CB9A60447AA7D121504D3DE4BC70B2632F6AA1998A4,02588D75DADA8B5D2F7C2CB9A60447AA7D121504D3DE4BC70B2632F6AA1998A4,False,
r1/runs/2026-10-03_claude_mta_cuda_r1_frozen/src/CODE_MANIFEST.json,experiments/2026-10-03_claude_mta_cuda_r1_frozen/src/CODE_MANIFEST.json,F16E53F094B6220533093DFD84F15F2B40B37E77779A9DB58FA9D8E3F9C1070C,F16E53F094B6220533093DFD84F15F2B40B37E77779A9DB58FA9D8E3F9C1070C,False,
r1/runs/2026-10-03_claude_mta_cuda_r1_frozen/src/r1/__init__.py,experiments/2026-10-03_claude_mta_cuda_r1_frozen/src/r1/__init__.py,C42BD7233BC6992D8D356ACDB9682EECAE6638A55C5B7A95356B185CB17AAE40,C42BD7233BC6992D8D356ACDB9682EECAE6638A55C5B7A95356B185CB17AAE40,False,
r1/runs/2026-10-03_claude_mta_cuda_r1_frozen/src/r1/aggregate_r1.py,experiments/2026-10-03_claude_mta_cuda_r1_frozen/src/r1/aggregate_r1.py,301AA589613520E77684659160D49B33C0F1A0E045A54648554B48A202651610,301AA589613520E77684659160D49B33C0F1A0E045A54648554B48A202651610,False,
r1/runs/2026-10-03_claude_mta_cuda_r1_frozen/src/r1/check_models.py,experiments/2026-10-03_claude_mta_cuda_r1_frozen/src/r1/check_models.py,F6A92E9AC1660BB0C0EEEFFE541A0BE8CFDEDF6D790906A394A76096A3C4E30D,F6A92E9AC1660BB0C0EEEFFE541A0BE8CFDEDF6D790906A394A76096A3C4E30D,False,
r1/runs/2026-10-03_claude_mta_cuda_r1_frozen/src/r1/durability_smoke.sh,experiments/2026-10-03_claude_mta_cuda_r1_frozen/src/r1/durability_smoke.sh,11C6E8AC5A5AD3D5902AD3913EB39F27DB22E05F19DB2BEEE862A7C829F76643,11C6E8AC5A5AD3D5902AD3913EB39F27DB22E05F19DB2BEEE862A7C829F76643,False,
r1/runs/2026-10-03_claude_mta_cuda_r1_frozen/src/r1/golden_check.py,experiments/2026-10-03_claude_mta_cuda_r1_frozen/src/r1/golden_check.py,55F4E98823AFC9C67C39461F876CED34DB9A922D374AF58A5A69237A8AC5448A,55F4E98823AFC9C67C39461F876CED34DB9A922D374AF58A5A69237A8AC5448A,False,
r1/runs/2026-10-03_claude_mta_cuda_r1_frozen/src/r1/launch_batch.sh,experiments/2026-10-03_claude_mta_cuda_r1_frozen/src/r1/launch_batch.sh,1074607568AAE4FA8EB99762508217CC02C433B88F9EE92CED982376733B6256,1074607568AAE4FA8EB99762508217CC02C433B88F9EE92CED982376733B6256,False,
r1/runs/2026-10-03_claude_mta_cuda_r1_frozen/src/r1/r1_analysis_manifest.py,experiments/2026-10-03_claude_mta_cuda_r1_frozen/src/r1/r1_analysis_manifest.py,5E20BAD06C96C8544AB9B9882516FFA1E1EE23A416A1D3F92E66DC06AB13B76B,5E20BAD06C96C8544AB9B9882516FFA1E1EE23A416A1D3F92E66DC06AB13B76B,False,
r1/runs/2026-10-03_claude_mta_cuda_r1_frozen/src/r1/r1_data.py,experiments/2026-10-03_claude_mta_cuda_r1_frozen/src/r1/r1_data.py,58CCA676931CD4304CB1372460181D76104629573D24BFE133F1B4896934DDEA,58CCA676931CD4304CB1372460181D76104629573D24BFE133F1B4896934DDEA,False,
r1/runs/2026-10-03_claude_mta_cuda_r1_frozen/src/r1/r1_models.py,experiments/2026-10-03_claude_mta_cuda_r1_frozen/src/r1/r1_models.py,975168168071EE10091FE7D9B75009CA710D13983E59F46164836F6973B0C494,975168168071EE10091FE7D9B75009CA710D13983E59F46164836F6973B0C494,False,
r1/runs/2026-10-03_claude_mta_cuda_r1_frozen/src/r1/r1_plan.py,experiments/2026-10-03_claude_mta_cuda_r1_frozen/src/r1/r1_plan.py,2A6552E3BE653990B3E89A892921C2458A48946AD3C2FA01901345C50FBD5383,2A6552E3BE653990B3E89A892921C2458A48946AD3C2FA01901345C50FBD5383,False,
r1/runs/2026-10-03_claude_mta_cuda_r1_frozen/src/r1/r1_runner.py,experiments/2026-10-03_claude_mta_cuda_r1_frozen/src/r1/r1_runner.py,78F63376E89500A1D5E8C5ECB1DE96274467B5FA0793421716F6F2976EADFCE6,78F63376E89500A1D5E8C5ECB1DE96274467B5FA0793421716F6F2976EADFCE6,False,
r1/runs/2026-10-03_claude_mta_cuda_r1_frozen/src/r1/run_worker.sh,experiments/2026-10-03_claude_mta_cuda_r1_frozen/src/r1/run_worker.sh,9249D3E406B0D1CE35D7E3567FD15FE49A3279ADC2F01654B08B0E9CFF450C60,9249D3E406B0D1CE35D7E3567FD15FE49A3279ADC2F01654B08B0E9CFF450C60,False,
r1/runs/2026-10-03_claude_mta_cuda_r1_frozen/src/r1/test_aggregate_stats.py,experiments/2026-10-03_claude_mta_cuda_r1_frozen/src/r1/test_aggregate_stats.py,31132766FE9E754977D8F2BACFE6B7D788A2C1F259D1D9E149D9025365EF0CE9,31132766FE9E754977D8F2BACFE6B7D788A2C1F259D1D9E149D9025365EF0CE9,False,
r1/runs/2026-10-03_claude_mta_cuda_r1_frozen/src/r1/verify_delivery.py,experiments/2026-10-03_claude_mta_cuda_r1_frozen/src/r1/verify_delivery.py,604F277A0F767C4299B5CCAE4E64A739BC330FE015DEAC8CBFC7C0BCD3C7CC03,604F277A0F767C4299B5CCAE4E64A739BC330FE015DEAC8CBFC7C0BCD3C7CC03,False,
r1/runs/2026-10-03_claude_mta_cuda_r1_frozen/src/requirements.txt,experiments/2026-10-03_claude_mta_cuda_r1_frozen/src/requirements.txt,319C6C665A2F586393A7D839F5DAC563E651E4DFFE682022A986F743B055FEDC,319C6C665A2F586393A7D839F5DAC563E651E4DFFE682022A986F743B055FEDC,False,
r1/runs/2026-10-03_claude_mta_cuda_r1_frozen/src/src/__init__.py,experiments/2026-10-03_claude_mta_cuda_r1_frozen/src/src/__init__.py,0ABC22DF692CB0BC6CCD8488A9FF7B1B897E2CA753CEE33E9B12A75AF95B2DBF,0ABC22DF692CB0BC6CCD8488A9FF7B1B897E2CA753CEE33E9B12A75AF95B2DBF,False,
r1/runs/2026-10-03_claude_mta_cuda_r1_frozen/src/src/data.py,experiments/2026-10-03_claude_mta_cuda_r1_frozen/src/src/data.py,7800E7EFFB53C13DD65F38FF15374EB61ECD4259C8D666E3DCF01E93A2199123,7800E7EFFB53C13DD65F38FF15374EB61ECD4259C8D666E3DCF01E93A2199123,False,
r1/runs/2026-10-03_claude_mta_cuda_r1_frozen/src/src/models.py,experiments/2026-10-03_claude_mta_cuda_r1_frozen/src/src/models.py,431D217E2B7D82FBEDFA2E8E2E123E0857D3A0254357DB86CD5EA31E728E693E,431D217E2B7D82FBEDFA2E8E2E123E0857D3A0254357DB86CD5EA31E728E693E,False,
r1/runs/2026-10-03_claude_mta_cuda_r1_frozen/src/src/sampling.py,experiments/2026-10-03_claude_mta_cuda_r1_frozen/src/src/sampling.py,8D7A044A6999C69EBF007E1F4E499A1621C65C9F4CC124919044C6BB88D58819,8D7A044A6999C69EBF007E1F4E499A1621C65C9F4CC124919044C6BB88D58819,False,
r1/runs/2026-10-03_claude_mta_cuda_r1_frozen/src/src/train_eval.py,experiments/2026-10-03_claude_mta_cuda_r1_frozen/src/src/train_eval.py,1C4C28B45ABBA78100873AAFF8D089D7CD6873EB74B4EEFA75D5FDB406E8D1BE,1C4C28B45ABBA78100873AAFF8D089D7CD6873EB74B4EEFA75D5FDB406E8D1BE,False,
r1/runs/2026-10-03_claude_mta_cuda_r1_frozen/src/timing_benchmark.py,experiments/2026-10-03_claude_mta_cuda_r1_frozen/src/timing_benchmark.py,B80828E4ADD1F7922FA4C92B290EAFEB526AE698F622990BB7B9B1C7788697BB,B80828E4ADD1F7922FA4C92B290EAFEB526AE698F622990BB7B9B1C7788697BB,False,
r1/runs/2026-10-03_claude_mta_cuda_r1_frozen/processed_outputs/a4_checks.csv,experiments/2026-10-03_claude_mta_cuda_r1_frozen/processed_outputs/a4_checks.csv,74F13EFA6E6D94701402DE9A087241E240F557FCF52835C2F8F36A3C03EDFA5E,74F13EFA6E6D94701402DE9A087241E240F557FCF52835C2F8F36A3C03EDFA5E,False,
r1/runs/2026-10-03_claude_mta_cuda_r1_frozen/processed_outputs/ANALYSIS_RUN.json,experiments/2026-10-03_claude_mta_cuda_r1_frozen/processed_outputs/ANALYSIS_RUN.json,9BD44C5749C1E2E3FEAEA808CBF35AD3035D1C641487F83ACF5F9C3A9F3051EC,32F8956591690498E5F21771A87D42CD136734FE19D0134614322D980AB34B8A,True,
r1/runs/2026-10-03_claude_mta_cuda_r1_frozen/processed_outputs/composite_decisions.csv,experiments/2026-10-03_claude_mta_cuda_r1_frozen/processed_outputs/composite_decisions.csv,EC24AB604DF7D8D8F92962583FC8FD7913485A4AC176DC57B6228F430CC93A1D,EC24AB604DF7D8D8F92962583FC8FD7913485A4AC176DC57B6228F430CC93A1D,False,
r1/runs/2026-10-03_claude_mta_cuda_r1_frozen/processed_outputs/contrasts.csv,experiments/2026-10-03_claude_mta_cuda_r1_frozen/processed_outputs/contrasts.csv,5946561FF32DACD9FB3FDF723AF8BD9069EDDCE11499FA46DD2C71E74A994C06,5946561FF32DACD9FB3FDF723AF8BD9069EDDCE11499FA46DD2C71E74A994C06,False,
r1/runs/2026-10-03_claude_mta_cuda_r1_frozen/processed_outputs/decision_inputs.csv,experiments/2026-10-03_claude_mta_cuda_r1_frozen/processed_outputs/decision_inputs.csv,0B0F49F9C5A0D5DA0356F7AFD93DA5EBC72C7C405F9B5AB947C433C84211CBBC,0B0F49F9C5A0D5DA0356F7AFD93DA5EBC72C7C405F9B5AB947C433C84211CBBC,False,
r1/runs/2026-10-03_claude_mta_cuda_r1_frozen/processed_outputs/descriptive.csv,experiments/2026-10-03_claude_mta_cuda_r1_frozen/processed_outputs/descriptive.csv,89509EDD43292CA8F720CF74353CA7478A85AC38D046AE5C2C06968D34CBD8E0,89509EDD43292CA8F720CF74353CA7478A85AC38D046AE5C2C06968D34CBD8E0,False,
r1/runs/2026-10-03_claude_mta_cuda_r1_frozen/processed_outputs/replication_r0_vs_r1.csv,experiments/2026-10-03_claude_mta_cuda_r1_frozen/processed_outputs/replication_r0_vs_r1.csv,EEE5F79D96226672962022B6B1851640CFA8599EF0DAF4CB575766BA7634FEC0,EEE5F79D96226672962022B6B1851640CFA8599EF0DAF4CB575766BA7634FEC0,False,
r1/runs/2026-10-03_claude_mta_cuda_r1_frozen/processed_outputs/summary_by_cell.csv,experiments/2026-10-03_claude_mta_cuda_r1_frozen/processed_outputs/summary_by_cell.csv,540CC523892B0D81160C3BE848C415DBC2CE677AEB8EBF3FB6E7A616B4410485,540CC523892B0D81160C3BE848C415DBC2CE677AEB8EBF3FB6E7A616B4410485,False,
r1/runs/2026-10-03_claude_mta_cuda_r1_frozen/processed_outputs/unit_table.csv,experiments/2026-10-03_claude_mta_cuda_r1_frozen/processed_outputs/unit_table.csv,5F8401AE0F029E92EF680C8926ABE60FE51C41C3D607D4CDD68931848F78D8DE,5F8401AE0F029E92EF680C8926ABE60FE51C41C3D607D4CDD68931848F78D8DE,False,
r1/runs/2026-10-03_claude_mta_cuda_r1_frozen/verification/independent_recompute.json,experiments/2026-10-03_claude_mta_cuda_r1_frozen/verification/independent_recompute.json,7982775576959AAFB34255A36AEF4EF5BA2FF586448770EEF363756EA7C62CB0,7982775576959AAFB34255A36AEF4EF5BA2FF586448770EEF363756EA7C62CB0,False,
r1/runs/2026-10-03_claude_mta_cuda_r1_frozen/verification/independent_recompute.py,experiments/2026-10-03_claude_mta_cuda_r1_frozen/verification/independent_recompute.py,5F076A9D7EB66207F71115CDA65E78E727F97AE0A24818BAB5CC7511645DB075,5F076A9D7EB66207F71115CDA65E78E727F97AE0A24818BAB5CC7511645DB075,False,
r1/runs/2026-10-03_claude_mta_cuda_r1_frozen/verification/prefreeze_f1_crosscheck.json,experiments/2026-10-03_claude_mta_cuda_r1_frozen/verification/prefreeze_f1_crosscheck.json,062D496E795E15B40507236D238A34830E33E686027D66BD4FBCEC177F8A0F95,062D496E795E15B40507236D238A34830E33E686027D66BD4FBCEC177F8A0F95,False,
r1/runs/2026-10-03_claude_mta_cuda_r1_frozen/verification/prefreeze_f1_crosscheck.py,experiments/2026-10-03_claude_mta_cuda_r1_frozen/verification/prefreeze_f1_crosscheck.py,19E3BDE3793C56129531F52AD6A745D7976068C3EEC366D4616BB358D0FC5FBA,19E3BDE3793C56129531F52AD6A745D7976068C3EEC366D4616BB358D0FC5FBA,False,
r1/runs/2026-10-03_claude_mta_cuda_r1_frozen/verification/TERMINAL_STATUS.json,experiments/2026-10-03_claude_mta_cuda_r1_frozen/verification/TERMINAL_STATUS.json,A3788CB1EE81B5E431E003F582BCF244AF2FF96F352734667E2A14685F047947,A3788CB1EE81B5E431E003F582BCF244AF2FF96F352734667E2A14685F047947,False,
r1/runs/2026-10-03_claude_mta_cuda_r1_frozen/verification/TIMEBASE_EQUIVALENCE.json,experiments/2026-10-03_claude_mta_cuda_r1_frozen/verification/TIMEBASE_EQUIVALENCE.json,6AF9504B2FEC86F6E6602B560990EC0396C30C8CAC41AB3614181C7D3E6BB7B3,6AF9504B2FEC86F6E6602B560990EC0396C30C8CAC41AB3614181C7D3E6BB7B3,False,
r1/runs/2026-10-03_claude_mta_cuda_r1_frozen/raw_outputs/DELIVERY_VERIFICATION.json,experiments/2026-10-03_claude_mta_cuda_r1_frozen/raw_outputs/DELIVERY_VERIFICATION.json,DDFB64FAE0BF9281F474B0015B5B3C634FC012698720AE9486F5F0B3070C0F1E,DDFB64FAE0BF9281F474B0015B5B3C634FC012698720AE9486F5F0B3070C0F1E,False,
r1/runs/2026-10-03_claude_mta_cuda_r1_frozen/raw_outputs/2026-10-03_claude_mta_cuda_r1_frozen__public_outputs.tar.gz,experiments/2026-10-03_claude_mta_cuda_r1_frozen/raw_outputs/2026-10-03_claude_mta_cuda_r1_frozen__outputs.tar.gz,95F82D1AD21823E25F93F5C4C00D62D2BFA850F694C7727FB579C8E7E6AEA971,5BB5591A787BB89B38708EBAFE8F14733E08D5E5CBF380314D52A62F4A013AAE,True,subset of 4859 members; see MEMBERS csv
r1/runs/2026-10-04_claude_mta_cuda_r1_cnnflat/RUN_MANIFEST.json,experiments/2026-10-04_claude_mta_cuda_r1_cnnflat/RUN_MANIFEST.json,82CD9E3BF171991BDA4145426F8E05DA8A429A0FEFB350D067EB38544ADDDDC1,F8158C587DA1A5CCCB18B52B27C91791B182C8C0FEBDBA42CE24842007B7E3CF,True,
r1/runs/2026-10-04_claude_mta_cuda_r1_cnnflat/configs/IDENTITY.json,experiments/2026-10-04_claude_mta_cuda_r1_cnnflat/configs/IDENTITY.json,564CD42825BD3E2E05A23C661F4F54C958932F51CE9A38151FBAFB54F808880A,564CD42825BD3E2E05A23C661F4F54C958932F51CE9A38151FBAFB54F808880A,False,
r1/runs/2026-10-04_claude_mta_cuda_r1_cnnflat/configs/plan_cnn_flat_arm.json,experiments/2026-10-04_claude_mta_cuda_r1_cnnflat/configs/plan_cnn_flat_arm.json,1801381C9C2210061CE4A63E6159E93F64A9225FAF906108152D107A0249A4AE,1801381C9C2210061CE4A63E6159E93F64A9225FAF906108152D107A0249A4AE,False,
r1/runs/2026-10-04_claude_mta_cuda_r1_cnnflat/src/benchmark.py,experiments/2026-10-04_claude_mta_cuda_r1_cnnflat/src/benchmark.py,02588D75DADA8B5D2F7C2CB9A60447AA7D121504D3DE4BC70B2632F6AA1998A4,02588D75DADA8B5D2F7C2CB9A60447AA7D121504D3DE4BC70B2632F6AA1998A4,False,
r1/runs/2026-10-04_claude_mta_cuda_r1_cnnflat/src/CODE_MANIFEST.json,experiments/2026-10-04_claude_mta_cuda_r1_cnnflat/src/CODE_MANIFEST.json,919FF5896AF43702470C871FA1E62E36203BCC1D3C71591A475C766FEBB13C0D,919FF5896AF43702470C871FA1E62E36203BCC1D3C71591A475C766FEBB13C0D,False,
r1/runs/2026-10-04_claude_mta_cuda_r1_cnnflat/src/r1/__init__.py,experiments/2026-10-04_claude_mta_cuda_r1_cnnflat/src/r1/__init__.py,C42BD7233BC6992D8D356ACDB9682EECAE6638A55C5B7A95356B185CB17AAE40,C42BD7233BC6992D8D356ACDB9682EECAE6638A55C5B7A95356B185CB17AAE40,False,
r1/runs/2026-10-04_claude_mta_cuda_r1_cnnflat/src/r1/aggregate_r1.py,experiments/2026-10-04_claude_mta_cuda_r1_cnnflat/src/r1/aggregate_r1.py,301AA589613520E77684659160D49B33C0F1A0E045A54648554B48A202651610,301AA589613520E77684659160D49B33C0F1A0E045A54648554B48A202651610,False,
r1/runs/2026-10-04_claude_mta_cuda_r1_cnnflat/src/r1/check_f10.py,experiments/2026-10-04_claude_mta_cuda_r1_cnnflat/src/r1/check_f10.py,0D0AF2A0A0FD94FFDE8A841291DA6FAC86A2C3B47FC41F925DAADBEB0A7E8C1A,0D0AF2A0A0FD94FFDE8A841291DA6FAC86A2C3B47FC41F925DAADBEB0A7E8C1A,False,
r1/runs/2026-10-04_claude_mta_cuda_r1_cnnflat/src/r1/check_models.py,experiments/2026-10-04_claude_mta_cuda_r1_cnnflat/src/r1/check_models.py,F6A92E9AC1660BB0C0EEEFFE541A0BE8CFDEDF6D790906A394A76096A3C4E30D,F6A92E9AC1660BB0C0EEEFFE541A0BE8CFDEDF6D790906A394A76096A3C4E30D,False,
r1/runs/2026-10-04_claude_mta_cuda_r1_cnnflat/src/r1/durability_smoke.sh,experiments/2026-10-04_claude_mta_cuda_r1_cnnflat/src/r1/durability_smoke.sh,11C6E8AC5A5AD3D5902AD3913EB39F27DB22E05F19DB2BEEE862A7C829F76643,11C6E8AC5A5AD3D5902AD3913EB39F27DB22E05F19DB2BEEE862A7C829F76643,False,
r1/runs/2026-10-04_claude_mta_cuda_r1_cnnflat/src/r1/f10_macs.py,experiments/2026-10-04_claude_mta_cuda_r1_cnnflat/src/r1/f10_macs.py,6C98637F29877267DABCB424A80CF04F8B543D2FF3FB88622DAB1A21BB02F155,6C98637F29877267DABCB424A80CF04F8B543D2FF3FB88622DAB1A21BB02F155,False,
r1/runs/2026-10-04_claude_mta_cuda_r1_cnnflat/src/r1/f10_timing.py,experiments/2026-10-04_claude_mta_cuda_r1_cnnflat/src/r1/f10_timing.py,58505C41A060F8F6D22D948678486DF6013E25C2E41932B3808D57F43F8984B7,58505C41A060F8F6D22D948678486DF6013E25C2E41932B3808D57F43F8984B7,False,
r1/runs/2026-10-04_claude_mta_cuda_r1_cnnflat/src/r1/golden_check.py,experiments/2026-10-04_claude_mta_cuda_r1_cnnflat/src/r1/golden_check.py,55F4E98823AFC9C67C39461F876CED34DB9A922D374AF58A5A69237A8AC5448A,55F4E98823AFC9C67C39461F876CED34DB9A922D374AF58A5A69237A8AC5448A,False,
r1/runs/2026-10-04_claude_mta_cuda_r1_cnnflat/src/r1/launch_batch.sh,experiments/2026-10-04_claude_mta_cuda_r1_cnnflat/src/r1/launch_batch.sh,1074607568AAE4FA8EB99762508217CC02C433B88F9EE92CED982376733B6256,1074607568AAE4FA8EB99762508217CC02C433B88F9EE92CED982376733B6256,False,
r1/runs/2026-10-04_claude_mta_cuda_r1_cnnflat/src/r1/r1_analysis_manifest.py,experiments/2026-10-04_claude_mta_cuda_r1_cnnflat/src/r1/r1_analysis_manifest.py,5E20BAD06C96C8544AB9B9882516FFA1E1EE23A416A1D3F92E66DC06AB13B76B,5E20BAD06C96C8544AB9B9882516FFA1E1EE23A416A1D3F92E66DC06AB13B76B,False,
r1/runs/2026-10-04_claude_mta_cuda_r1_cnnflat/src/r1/r1_data.py,experiments/2026-10-04_claude_mta_cuda_r1_cnnflat/src/r1/r1_data.py,58CCA676931CD4304CB1372460181D76104629573D24BFE133F1B4896934DDEA,58CCA676931CD4304CB1372460181D76104629573D24BFE133F1B4896934DDEA,False,
r1/runs/2026-10-04_claude_mta_cuda_r1_cnnflat/src/r1/r1_models.py,experiments/2026-10-04_claude_mta_cuda_r1_cnnflat/src/r1/r1_models.py,7F09B4BB30D5A2CCB347788EDCBAE56964A1CF44E4BF5A8AD8D22896E4A07B80,7F09B4BB30D5A2CCB347788EDCBAE56964A1CF44E4BF5A8AD8D22896E4A07B80,False,
r1/runs/2026-10-04_claude_mta_cuda_r1_cnnflat/src/r1/r1_plan.py,experiments/2026-10-04_claude_mta_cuda_r1_cnnflat/src/r1/r1_plan.py,A087E0400E4D31362BB6CDA14D464AD2DACB956D58B5D9624A2376215C8C7AFA,A087E0400E4D31362BB6CDA14D464AD2DACB956D58B5D9624A2376215C8C7AFA,False,
r1/runs/2026-10-04_claude_mta_cuda_r1_cnnflat/src/r1/r1_runner.py,experiments/2026-10-04_claude_mta_cuda_r1_cnnflat/src/r1/r1_runner.py,78F63376E89500A1D5E8C5ECB1DE96274467B5FA0793421716F6F2976EADFCE6,78F63376E89500A1D5E8C5ECB1DE96274467B5FA0793421716F6F2976EADFCE6,False,
r1/runs/2026-10-04_claude_mta_cuda_r1_cnnflat/src/r1/run_worker.sh,experiments/2026-10-04_claude_mta_cuda_r1_cnnflat/src/r1/run_worker.sh,9249D3E406B0D1CE35D7E3567FD15FE49A3279ADC2F01654B08B0E9CFF450C60,9249D3E406B0D1CE35D7E3567FD15FE49A3279ADC2F01654B08B0E9CFF450C60,False,
r1/runs/2026-10-04_claude_mta_cuda_r1_cnnflat/src/r1/test_aggregate_stats.py,experiments/2026-10-04_claude_mta_cuda_r1_cnnflat/src/r1/test_aggregate_stats.py,31132766FE9E754977D8F2BACFE6B7D788A2C1F259D1D9E149D9025365EF0CE9,31132766FE9E754977D8F2BACFE6B7D788A2C1F259D1D9E149D9025365EF0CE9,False,
r1/runs/2026-10-04_claude_mta_cuda_r1_cnnflat/src/r1/verify_delivery.py,experiments/2026-10-04_claude_mta_cuda_r1_cnnflat/src/r1/verify_delivery.py,604F277A0F767C4299B5CCAE4E64A739BC330FE015DEAC8CBFC7C0BCD3C7CC03,604F277A0F767C4299B5CCAE4E64A739BC330FE015DEAC8CBFC7C0BCD3C7CC03,False,
r1/runs/2026-10-04_claude_mta_cuda_r1_cnnflat/src/requirements.txt,experiments/2026-10-04_claude_mta_cuda_r1_cnnflat/src/requirements.txt,319C6C665A2F586393A7D839F5DAC563E651E4DFFE682022A986F743B055FEDC,319C6C665A2F586393A7D839F5DAC563E651E4DFFE682022A986F743B055FEDC,False,
r1/runs/2026-10-04_claude_mta_cuda_r1_cnnflat/src/src/__init__.py,experiments/2026-10-04_claude_mta_cuda_r1_cnnflat/src/src/__init__.py,0ABC22DF692CB0BC6CCD8488A9FF7B1B897E2CA753CEE33E9B12A75AF95B2DBF,0ABC22DF692CB0BC6CCD8488A9FF7B1B897E2CA753CEE33E9B12A75AF95B2DBF,False,
r1/runs/2026-10-04_claude_mta_cuda_r1_cnnflat/src/src/data.py,experiments/2026-10-04_claude_mta_cuda_r1_cnnflat/src/src/data.py,7800E7EFFB53C13DD65F38FF15374EB61ECD4259C8D666E3DCF01E93A2199123,7800E7EFFB53C13DD65F38FF15374EB61ECD4259C8D666E3DCF01E93A2199123,False,
r1/runs/2026-10-04_claude_mta_cuda_r1_cnnflat/src/src/models.py,experiments/2026-10-04_claude_mta_cuda_r1_cnnflat/src/src/models.py,431D217E2B7D82FBEDFA2E8E2E123E0857D3A0254357DB86CD5EA31E728E693E,431D217E2B7D82FBEDFA2E8E2E123E0857D3A0254357DB86CD5EA31E728E693E,False,
r1/runs/2026-10-04_claude_mta_cuda_r1_cnnflat/src/src/sampling.py,experiments/2026-10-04_claude_mta_cuda_r1_cnnflat/src/src/sampling.py,8D7A044A6999C69EBF007E1F4E499A1621C65C9F4CC124919044C6BB88D58819,8D7A044A6999C69EBF007E1F4E499A1621C65C9F4CC124919044C6BB88D58819,False,
r1/runs/2026-10-04_claude_mta_cuda_r1_cnnflat/src/src/train_eval.py,experiments/2026-10-04_claude_mta_cuda_r1_cnnflat/src/src/train_eval.py,1C4C28B45ABBA78100873AAFF8D089D7CD6873EB74B4EEFA75D5FDB406E8D1BE,1C4C28B45ABBA78100873AAFF8D089D7CD6873EB74B4EEFA75D5FDB406E8D1BE,False,
r1/runs/2026-10-04_claude_mta_cuda_r1_cnnflat/src/timing_benchmark.py,experiments/2026-10-04_claude_mta_cuda_r1_cnnflat/src/timing_benchmark.py,B80828E4ADD1F7922FA4C92B290EAFEB526AE698F622990BB7B9B1C7788697BB,B80828E4ADD1F7922FA4C92B290EAFEB526AE698F622990BB7B9B1C7788697BB,False,
r1/runs/2026-10-04_claude_mta_cuda_r1_cnnflat/processed_outputs/ANALYSIS_RUN.json,experiments/2026-10-04_claude_mta_cuda_r1_cnnflat/processed_outputs/ANALYSIS_RUN.json,F805F96638A684ADE014399AD171375E103E79D17109B2F6C392C116532F728C,F805F96638A684ADE014399AD171375E103E79D17109B2F6C392C116532F728C,False,
r1/runs/2026-10-04_claude_mta_cuda_r1_cnnflat/processed_outputs/anchors.csv,experiments/2026-10-04_claude_mta_cuda_r1_cnnflat/processed_outputs/anchors.csv,19AC1D6F793D8F4569CC581D215F87165F32FF48010DFF5A8A1AB24C79A541F0,19AC1D6F793D8F4569CC581D215F87165F32FF48010DFF5A8A1AB24C79A541F0,False,
r1/runs/2026-10-04_claude_mta_cuda_r1_cnnflat/processed_outputs/arm_paired.csv,experiments/2026-10-04_claude_mta_cuda_r1_cnnflat/processed_outputs/arm_paired.csv,87FB016EC376CD1EA60736DC6A40B9464BE3839DE6843676D39FD134541B7BD0,87FB016EC376CD1EA60736DC6A40B9464BE3839DE6843676D39FD134541B7BD0,False,
r1/runs/2026-10-04_claude_mta_cuda_r1_cnnflat/processed_outputs/arm_summary.csv,experiments/2026-10-04_claude_mta_cuda_r1_cnnflat/processed_outputs/arm_summary.csv,F5EA42C1ABC063463F789E2906CBCAB6ABE96B31F3E7BD5FED12EE5CE28304AC,F5EA42C1ABC063463F789E2906CBCAB6ABE96B31F3E7BD5FED12EE5CE28304AC,False,
r1/runs/2026-10-04_claude_mta_cuda_r1_cnnflat/processed_outputs/arm_unit_table.csv,experiments/2026-10-04_claude_mta_cuda_r1_cnnflat/processed_outputs/arm_unit_table.csv,8601A34915D6AF0A18342638B6ABE57F8A8D7AF89665742117EBFF8E4110A39C,8601A34915D6AF0A18342638B6ABE57F8A8D7AF89665742117EBFF8E4110A39C,False,
r1/runs/2026-10-04_claude_mta_cuda_r1_cnnflat/verification/independent_recompute.json,experiments/2026-10-04_claude_mta_cuda_r1_cnnflat/verification/independent_recompute.json,C5643070B305E426C52103ED32CB7F58BF53E0AB34C9EB58326A141E91389847,C5643070B305E426C52103ED32CB7F58BF53E0AB34C9EB58326A141E91389847,False,
r1/runs/2026-10-04_claude_mta_cuda_r1_cnnflat/raw_outputs/DELIVERY_VERIFICATION.json,experiments/2026-10-04_claude_mta_cuda_r1_cnnflat/raw_outputs/DELIVERY_VERIFICATION.json,31ECD0737E27671DC3EAE90DD79AE3F66F26B41450982593E5DA27A6CF4A50E4,31ECD0737E27671DC3EAE90DD79AE3F66F26B41450982593E5DA27A6CF4A50E4,False,
r1/runs/2026-10-04_claude_mta_cuda_r1_cnnflat/raw_outputs/2026-10-04_claude_mta_cuda_r1_cnnflat__public_outputs.tar.gz,experiments/2026-10-04_claude_mta_cuda_r1_cnnflat/raw_outputs/2026-10-04_claude_mta_cuda_r1_cnnflat__outputs.tar.gz,DE7A6875E123E5893709654E15C97F0D43B97DA31D2C26B25DC89A233F07DB32,9A7E53D6CF68593CC6BEEDBFDF863BCEF7FF26DCF4310905CD2558F64D7EB1CB,True,subset of 215 members; see MEMBERS csv
r1/runs/2026-10-04_claude_mta_cuda_r1_f10_gpu/RUN_MANIFEST.json,experiments/2026-10-04_claude_mta_cuda_r1_f10_gpu/RUN_MANIFEST.json,70FA6A459D07B3726DCA1C76149E89BC453301CD92D9296EF32B0EAB8F595D64,16E2AFFFF41907D49207874B491AC8A4C64946F04C3C2F74206CCCCC3B42E0F4,True,
r1/runs/2026-10-04_claude_mta_cuda_r1_f10_gpu/configs/IDENTITY.json,experiments/2026-10-04_claude_mta_cuda_r1_f10_gpu/configs/IDENTITY.json,558A1A8952DD6953B948DBCD97DD178F8B31B01A7205C4B6B75C777DCB433BB3,558A1A8952DD6953B948DBCD97DD178F8B31B01A7205C4B6B75C777DCB433BB3,False,
r1/runs/2026-10-04_claude_mta_cuda_r1_f10_gpu/configs/plan_f10_gpu.json,experiments/2026-10-04_claude_mta_cuda_r1_f10_gpu/configs/plan_f10_gpu.json,34BE4D0559F8901107310316FEF7EC37B439AFE050C140F808BEE45AD64FB562,34BE4D0559F8901107310316FEF7EC37B439AFE050C140F808BEE45AD64FB562,False,
r1/runs/2026-10-04_claude_mta_cuda_r1_f10_gpu/src/benchmark.py,experiments/2026-10-04_claude_mta_cuda_r1_f10_gpu/src/benchmark.py,02588D75DADA8B5D2F7C2CB9A60447AA7D121504D3DE4BC70B2632F6AA1998A4,02588D75DADA8B5D2F7C2CB9A60447AA7D121504D3DE4BC70B2632F6AA1998A4,False,
r1/runs/2026-10-04_claude_mta_cuda_r1_f10_gpu/src/CODE_MANIFEST.json,experiments/2026-10-04_claude_mta_cuda_r1_f10_gpu/src/CODE_MANIFEST.json,919FF5896AF43702470C871FA1E62E36203BCC1D3C71591A475C766FEBB13C0D,919FF5896AF43702470C871FA1E62E36203BCC1D3C71591A475C766FEBB13C0D,False,
r1/runs/2026-10-04_claude_mta_cuda_r1_f10_gpu/src/r1/__init__.py,experiments/2026-10-04_claude_mta_cuda_r1_f10_gpu/src/r1/__init__.py,C42BD7233BC6992D8D356ACDB9682EECAE6638A55C5B7A95356B185CB17AAE40,C42BD7233BC6992D8D356ACDB9682EECAE6638A55C5B7A95356B185CB17AAE40,False,
r1/runs/2026-10-04_claude_mta_cuda_r1_f10_gpu/src/r1/aggregate_r1.py,experiments/2026-10-04_claude_mta_cuda_r1_f10_gpu/src/r1/aggregate_r1.py,301AA589613520E77684659160D49B33C0F1A0E045A54648554B48A202651610,301AA589613520E77684659160D49B33C0F1A0E045A54648554B48A202651610,False,
r1/runs/2026-10-04_claude_mta_cuda_r1_f10_gpu/src/r1/check_f10.py,experiments/2026-10-04_claude_mta_cuda_r1_f10_gpu/src/r1/check_f10.py,0D0AF2A0A0FD94FFDE8A841291DA6FAC86A2C3B47FC41F925DAADBEB0A7E8C1A,0D0AF2A0A0FD94FFDE8A841291DA6FAC86A2C3B47FC41F925DAADBEB0A7E8C1A,False,
r1/runs/2026-10-04_claude_mta_cuda_r1_f10_gpu/src/r1/check_models.py,experiments/2026-10-04_claude_mta_cuda_r1_f10_gpu/src/r1/check_models.py,F6A92E9AC1660BB0C0EEEFFE541A0BE8CFDEDF6D790906A394A76096A3C4E30D,F6A92E9AC1660BB0C0EEEFFE541A0BE8CFDEDF6D790906A394A76096A3C4E30D,False,
r1/runs/2026-10-04_claude_mta_cuda_r1_f10_gpu/src/r1/durability_smoke.sh,experiments/2026-10-04_claude_mta_cuda_r1_f10_gpu/src/r1/durability_smoke.sh,11C6E8AC5A5AD3D5902AD3913EB39F27DB22E05F19DB2BEEE862A7C829F76643,11C6E8AC5A5AD3D5902AD3913EB39F27DB22E05F19DB2BEEE862A7C829F76643,False,
r1/runs/2026-10-04_claude_mta_cuda_r1_f10_gpu/src/r1/f10_macs.py,experiments/2026-10-04_claude_mta_cuda_r1_f10_gpu/src/r1/f10_macs.py,6C98637F29877267DABCB424A80CF04F8B543D2FF3FB88622DAB1A21BB02F155,6C98637F29877267DABCB424A80CF04F8B543D2FF3FB88622DAB1A21BB02F155,False,
r1/runs/2026-10-04_claude_mta_cuda_r1_f10_gpu/src/r1/f10_timing.py,experiments/2026-10-04_claude_mta_cuda_r1_f10_gpu/src/r1/f10_timing.py,58505C41A060F8F6D22D948678486DF6013E25C2E41932B3808D57F43F8984B7,58505C41A060F8F6D22D948678486DF6013E25C2E41932B3808D57F43F8984B7,False,
r1/runs/2026-10-04_claude_mta_cuda_r1_f10_gpu/src/r1/golden_check.py,experiments/2026-10-04_claude_mta_cuda_r1_f10_gpu/src/r1/golden_check.py,55F4E98823AFC9C67C39461F876CED34DB9A922D374AF58A5A69237A8AC5448A,55F4E98823AFC9C67C39461F876CED34DB9A922D374AF58A5A69237A8AC5448A,False,
r1/runs/2026-10-04_claude_mta_cuda_r1_f10_gpu/src/r1/launch_batch.sh,experiments/2026-10-04_claude_mta_cuda_r1_f10_gpu/src/r1/launch_batch.sh,1074607568AAE4FA8EB99762508217CC02C433B88F9EE92CED982376733B6256,1074607568AAE4FA8EB99762508217CC02C433B88F9EE92CED982376733B6256,False,
r1/runs/2026-10-04_claude_mta_cuda_r1_f10_gpu/src/r1/r1_analysis_manifest.py,experiments/2026-10-04_claude_mta_cuda_r1_f10_gpu/src/r1/r1_analysis_manifest.py,5E20BAD06C96C8544AB9B9882516FFA1E1EE23A416A1D3F92E66DC06AB13B76B,5E20BAD06C96C8544AB9B9882516FFA1E1EE23A416A1D3F92E66DC06AB13B76B,False,
r1/runs/2026-10-04_claude_mta_cuda_r1_f10_gpu/src/r1/r1_data.py,experiments/2026-10-04_claude_mta_cuda_r1_f10_gpu/src/r1/r1_data.py,58CCA676931CD4304CB1372460181D76104629573D24BFE133F1B4896934DDEA,58CCA676931CD4304CB1372460181D76104629573D24BFE133F1B4896934DDEA,False,
r1/runs/2026-10-04_claude_mta_cuda_r1_f10_gpu/src/r1/r1_models.py,experiments/2026-10-04_claude_mta_cuda_r1_f10_gpu/src/r1/r1_models.py,7F09B4BB30D5A2CCB347788EDCBAE56964A1CF44E4BF5A8AD8D22896E4A07B80,7F09B4BB30D5A2CCB347788EDCBAE56964A1CF44E4BF5A8AD8D22896E4A07B80,False,
r1/runs/2026-10-04_claude_mta_cuda_r1_f10_gpu/src/r1/r1_plan.py,experiments/2026-10-04_claude_mta_cuda_r1_f10_gpu/src/r1/r1_plan.py,A087E0400E4D31362BB6CDA14D464AD2DACB956D58B5D9624A2376215C8C7AFA,A087E0400E4D31362BB6CDA14D464AD2DACB956D58B5D9624A2376215C8C7AFA,False,
r1/runs/2026-10-04_claude_mta_cuda_r1_f10_gpu/src/r1/r1_runner.py,experiments/2026-10-04_claude_mta_cuda_r1_f10_gpu/src/r1/r1_runner.py,78F63376E89500A1D5E8C5ECB1DE96274467B5FA0793421716F6F2976EADFCE6,78F63376E89500A1D5E8C5ECB1DE96274467B5FA0793421716F6F2976EADFCE6,False,
r1/runs/2026-10-04_claude_mta_cuda_r1_f10_gpu/src/r1/run_worker.sh,experiments/2026-10-04_claude_mta_cuda_r1_f10_gpu/src/r1/run_worker.sh,9249D3E406B0D1CE35D7E3567FD15FE49A3279ADC2F01654B08B0E9CFF450C60,9249D3E406B0D1CE35D7E3567FD15FE49A3279ADC2F01654B08B0E9CFF450C60,False,
r1/runs/2026-10-04_claude_mta_cuda_r1_f10_gpu/src/r1/test_aggregate_stats.py,experiments/2026-10-04_claude_mta_cuda_r1_f10_gpu/src/r1/test_aggregate_stats.py,31132766FE9E754977D8F2BACFE6B7D788A2C1F259D1D9E149D9025365EF0CE9,31132766FE9E754977D8F2BACFE6B7D788A2C1F259D1D9E149D9025365EF0CE9,False,
r1/runs/2026-10-04_claude_mta_cuda_r1_f10_gpu/src/r1/verify_delivery.py,experiments/2026-10-04_claude_mta_cuda_r1_f10_gpu/src/r1/verify_delivery.py,604F277A0F767C4299B5CCAE4E64A739BC330FE015DEAC8CBFC7C0BCD3C7CC03,604F277A0F767C4299B5CCAE4E64A739BC330FE015DEAC8CBFC7C0BCD3C7CC03,False,
r1/runs/2026-10-04_claude_mta_cuda_r1_f10_gpu/src/requirements.txt,experiments/2026-10-04_claude_mta_cuda_r1_f10_gpu/src/requirements.txt,319C6C665A2F586393A7D839F5DAC563E651E4DFFE682022A986F743B055FEDC,319C6C665A2F586393A7D839F5DAC563E651E4DFFE682022A986F743B055FEDC,False,
r1/runs/2026-10-04_claude_mta_cuda_r1_f10_gpu/src/src/__init__.py,experiments/2026-10-04_claude_mta_cuda_r1_f10_gpu/src/src/__init__.py,0ABC22DF692CB0BC6CCD8488A9FF7B1B897E2CA753CEE33E9B12A75AF95B2DBF,0ABC22DF692CB0BC6CCD8488A9FF7B1B897E2CA753CEE33E9B12A75AF95B2DBF,False,
r1/runs/2026-10-04_claude_mta_cuda_r1_f10_gpu/src/src/data.py,experiments/2026-10-04_claude_mta_cuda_r1_f10_gpu/src/src/data.py,7800E7EFFB53C13DD65F38FF15374EB61ECD4259C8D666E3DCF01E93A2199123,7800E7EFFB53C13DD65F38FF15374EB61ECD4259C8D666E3DCF01E93A2199123,False,
r1/runs/2026-10-04_claude_mta_cuda_r1_f10_gpu/src/src/models.py,experiments/2026-10-04_claude_mta_cuda_r1_f10_gpu/src/src/models.py,431D217E2B7D82FBEDFA2E8E2E123E0857D3A0254357DB86CD5EA31E728E693E,431D217E2B7D82FBEDFA2E8E2E123E0857D3A0254357DB86CD5EA31E728E693E,False,
r1/runs/2026-10-04_claude_mta_cuda_r1_f10_gpu/src/src/sampling.py,experiments/2026-10-04_claude_mta_cuda_r1_f10_gpu/src/src/sampling.py,8D7A044A6999C69EBF007E1F4E499A1621C65C9F4CC124919044C6BB88D58819,8D7A044A6999C69EBF007E1F4E499A1621C65C9F4CC124919044C6BB88D58819,False,
r1/runs/2026-10-04_claude_mta_cuda_r1_f10_gpu/src/src/train_eval.py,experiments/2026-10-04_claude_mta_cuda_r1_f10_gpu/src/src/train_eval.py,1C4C28B45ABBA78100873AAFF8D089D7CD6873EB74B4EEFA75D5FDB406E8D1BE,1C4C28B45ABBA78100873AAFF8D089D7CD6873EB74B4EEFA75D5FDB406E8D1BE,False,
r1/runs/2026-10-04_claude_mta_cuda_r1_f10_gpu/src/timing_benchmark.py,experiments/2026-10-04_claude_mta_cuda_r1_f10_gpu/src/timing_benchmark.py,B80828E4ADD1F7922FA4C92B290EAFEB526AE698F622990BB7B9B1C7788697BB,B80828E4ADD1F7922FA4C92B290EAFEB526AE698F622990BB7B9B1C7788697BB,False,
r1/runs/2026-10-04_claude_mta_cuda_r1_f10_gpu/processed_outputs/ANALYSIS_RUN.json,experiments/2026-10-04_claude_mta_cuda_r1_f10_gpu/processed_outputs/ANALYSIS_RUN.json,108E5A7CA156A4BDD54EA2F0E7A1C4FDB88BED6BD0539EED81BCF8678F174D31,108E5A7CA156A4BDD54EA2F0E7A1C4FDB88BED6BD0539EED81BCF8678F174D31,False,
r1/runs/2026-10-04_claude_mta_cuda_r1_f10_gpu/processed_outputs/f10_data_identity.csv,experiments/2026-10-04_claude_mta_cuda_r1_f10_gpu/processed_outputs/f10_data_identity.csv,739BAE8738CAD9EC229A1552AE680CA34138DAB3A3DD14DBFC98CA48163AC952,739BAE8738CAD9EC229A1552AE680CA34138DAB3A3DD14DBFC98CA48163AC952,False,
r1/runs/2026-10-04_claude_mta_cuda_r1_f10_gpu/processed_outputs/f10_environment.json,experiments/2026-10-04_claude_mta_cuda_r1_f10_gpu/processed_outputs/f10_environment.json,52D5808023CC58B41289F06FA080404D90AC9654A2B40F3B9A3BDC48593C8E82,E90422A42F5F64D9F84282793FC34A5E7BD87A6E1CF7A8A77BAE6EE73CC08CBE,True,
r1/runs/2026-10-04_claude_mta_cuda_r1_f10_gpu/processed_outputs/f10_measurements.csv,experiments/2026-10-04_claude_mta_cuda_r1_f10_gpu/processed_outputs/f10_measurements.csv,649306E33AEA1C302CEC74539FCED14EAD5E50B6FC4C939471F18ACDF320AF3A,649306E33AEA1C302CEC74539FCED14EAD5E50B6FC4C939471F18ACDF320AF3A,False,
r1/runs/2026-10-04_claude_mta_cuda_r1_f10_gpu/processed_outputs/f10_ratios.csv,experiments/2026-10-04_claude_mta_cuda_r1_f10_gpu/processed_outputs/f10_ratios.csv,ECE25376B7E0C22C4CFC0305FE661151B6484E5DDC1B1087A0EDDB16BBC159E6,ECE25376B7E0C22C4CFC0305FE661151B6484E5DDC1B1087A0EDDB16BBC159E6,False,
r1/runs/2026-10-04_claude_mta_cuda_r1_f10_gpu/processed_outputs/f10_summary.csv,experiments/2026-10-04_claude_mta_cuda_r1_f10_gpu/processed_outputs/f10_summary.csv,95E513D1ADB5E1F55009B166E38D6A19E1D6C4B59829FE2434212F966AFF5CC7,95E513D1ADB5E1F55009B166E38D6A19E1D6C4B59829FE2434212F966AFF5CC7,False,
r1/runs/2026-10-04_claude_mta_cuda_r1_f10_gpu/verification/independent_recompute_f10.json,experiments/2026-10-04_claude_mta_cuda_r1_f10_gpu/verification/independent_recompute_f10.json,D7645DE253AC9351EE06C7DB68E0E9EEDCC72489100D872E962C7FAF20D353C5,D7645DE253AC9351EE06C7DB68E0E9EEDCC72489100D872E962C7FAF20D353C5,False,
r1/runs/2026-10-04_claude_mta_cuda_r1_f10_gpu/raw_outputs/DELIVERY_VERIFICATION.json,experiments/2026-10-04_claude_mta_cuda_r1_f10_gpu/raw_outputs/DELIVERY_VERIFICATION.json,D0236D4B24ACDE1C5C8B8B18D8632DF4CD7936A12526D7856709C0208E873D85,D0236D4B24ACDE1C5C8B8B18D8632DF4CD7936A12526D7856709C0208E873D85,False,
r1/runs/2026-10-04_claude_mta_cuda_r1_f10_gpu/raw_outputs/2026-10-04_claude_mta_cuda_r1_f10_gpu__public_outputs.tar.gz,experiments/2026-10-04_claude_mta_cuda_r1_f10_gpu/raw_outputs/2026-10-04_claude_mta_cuda_r1_f10_gpu__outputs.tar.gz,1C8052879553655C85707A676B57342D371157C4006069BCEF32D05683023F8C,E0519EA26C6DB19CCEFBFA260B4F04DE2DEC2FDE0ED0A0C4B47B2A0C9D0218A6,True,subset of 215 members; see MEMBERS csv
r1/runs/2026-10-04_claude_mta_cuda_r1_f10_cpu/RUN_MANIFEST.json,experiments/2026-10-04_claude_mta_cuda_r1_f10_cpu/RUN_MANIFEST.json,922FAD6D63D727380830D6F99E47AB587B99AAB988EB85EFAF41A50D4A17ABB5,257EEA41B79734FBB339A77E9A7371E1220DF0EDC7EB3F587336A3397BD7C17F,True,
r1/runs/2026-10-04_claude_mta_cuda_r1_f10_cpu/configs/IDENTITY.json,experiments/2026-10-04_claude_mta_cuda_r1_f10_cpu/configs/IDENTITY.json,5EC708F5C2B964EC2AE49017F562707F54730874A19FC70E4CAA8831EC427985,5EC708F5C2B964EC2AE49017F562707F54730874A19FC70E4CAA8831EC427985,False,
r1/runs/2026-10-04_claude_mta_cuda_r1_f10_cpu/configs/plan_f10_cpu.json,experiments/2026-10-04_claude_mta_cuda_r1_f10_cpu/configs/plan_f10_cpu.json,94EBB4CE6CB10AA027B90B393C04A9417915912E4A47E5C00FD8A42F0CCBCA12,94EBB4CE6CB10AA027B90B393C04A9417915912E4A47E5C00FD8A42F0CCBCA12,False,
r1/runs/2026-10-04_claude_mta_cuda_r1_f10_cpu/src/benchmark.py,experiments/2026-10-04_claude_mta_cuda_r1_f10_cpu/src/benchmark.py,02588D75DADA8B5D2F7C2CB9A60447AA7D121504D3DE4BC70B2632F6AA1998A4,02588D75DADA8B5D2F7C2CB9A60447AA7D121504D3DE4BC70B2632F6AA1998A4,False,
r1/runs/2026-10-04_claude_mta_cuda_r1_f10_cpu/src/CODE_MANIFEST.json,experiments/2026-10-04_claude_mta_cuda_r1_f10_cpu/src/CODE_MANIFEST.json,919FF5896AF43702470C871FA1E62E36203BCC1D3C71591A475C766FEBB13C0D,919FF5896AF43702470C871FA1E62E36203BCC1D3C71591A475C766FEBB13C0D,False,
r1/runs/2026-10-04_claude_mta_cuda_r1_f10_cpu/src/r1/__init__.py,experiments/2026-10-04_claude_mta_cuda_r1_f10_cpu/src/r1/__init__.py,C42BD7233BC6992D8D356ACDB9682EECAE6638A55C5B7A95356B185CB17AAE40,C42BD7233BC6992D8D356ACDB9682EECAE6638A55C5B7A95356B185CB17AAE40,False,
r1/runs/2026-10-04_claude_mta_cuda_r1_f10_cpu/src/r1/aggregate_r1.py,experiments/2026-10-04_claude_mta_cuda_r1_f10_cpu/src/r1/aggregate_r1.py,301AA589613520E77684659160D49B33C0F1A0E045A54648554B48A202651610,301AA589613520E77684659160D49B33C0F1A0E045A54648554B48A202651610,False,
r1/runs/2026-10-04_claude_mta_cuda_r1_f10_cpu/src/r1/check_f10.py,experiments/2026-10-04_claude_mta_cuda_r1_f10_cpu/src/r1/check_f10.py,0D0AF2A0A0FD94FFDE8A841291DA6FAC86A2C3B47FC41F925DAADBEB0A7E8C1A,0D0AF2A0A0FD94FFDE8A841291DA6FAC86A2C3B47FC41F925DAADBEB0A7E8C1A,False,
r1/runs/2026-10-04_claude_mta_cuda_r1_f10_cpu/src/r1/check_models.py,experiments/2026-10-04_claude_mta_cuda_r1_f10_cpu/src/r1/check_models.py,F6A92E9AC1660BB0C0EEEFFE541A0BE8CFDEDF6D790906A394A76096A3C4E30D,F6A92E9AC1660BB0C0EEEFFE541A0BE8CFDEDF6D790906A394A76096A3C4E30D,False,
r1/runs/2026-10-04_claude_mta_cuda_r1_f10_cpu/src/r1/durability_smoke.sh,experiments/2026-10-04_claude_mta_cuda_r1_f10_cpu/src/r1/durability_smoke.sh,11C6E8AC5A5AD3D5902AD3913EB39F27DB22E05F19DB2BEEE862A7C829F76643,11C6E8AC5A5AD3D5902AD3913EB39F27DB22E05F19DB2BEEE862A7C829F76643,False,
r1/runs/2026-10-04_claude_mta_cuda_r1_f10_cpu/src/r1/f10_macs.py,experiments/2026-10-04_claude_mta_cuda_r1_f10_cpu/src/r1/f10_macs.py,6C98637F29877267DABCB424A80CF04F8B543D2FF3FB88622DAB1A21BB02F155,6C98637F29877267DABCB424A80CF04F8B543D2FF3FB88622DAB1A21BB02F155,False,
r1/runs/2026-10-04_claude_mta_cuda_r1_f10_cpu/src/r1/f10_timing.py,experiments/2026-10-04_claude_mta_cuda_r1_f10_cpu/src/r1/f10_timing.py,58505C41A060F8F6D22D948678486DF6013E25C2E41932B3808D57F43F8984B7,58505C41A060F8F6D22D948678486DF6013E25C2E41932B3808D57F43F8984B7,False,
r1/runs/2026-10-04_claude_mta_cuda_r1_f10_cpu/src/r1/golden_check.py,experiments/2026-10-04_claude_mta_cuda_r1_f10_cpu/src/r1/golden_check.py,55F4E98823AFC9C67C39461F876CED34DB9A922D374AF58A5A69237A8AC5448A,55F4E98823AFC9C67C39461F876CED34DB9A922D374AF58A5A69237A8AC5448A,False,
r1/runs/2026-10-04_claude_mta_cuda_r1_f10_cpu/src/r1/launch_batch.sh,experiments/2026-10-04_claude_mta_cuda_r1_f10_cpu/src/r1/launch_batch.sh,1074607568AAE4FA8EB99762508217CC02C433B88F9EE92CED982376733B6256,1074607568AAE4FA8EB99762508217CC02C433B88F9EE92CED982376733B6256,False,
r1/runs/2026-10-04_claude_mta_cuda_r1_f10_cpu/src/r1/r1_analysis_manifest.py,experiments/2026-10-04_claude_mta_cuda_r1_f10_cpu/src/r1/r1_analysis_manifest.py,5E20BAD06C96C8544AB9B9882516FFA1E1EE23A416A1D3F92E66DC06AB13B76B,5E20BAD06C96C8544AB9B9882516FFA1E1EE23A416A1D3F92E66DC06AB13B76B,False,
r1/runs/2026-10-04_claude_mta_cuda_r1_f10_cpu/src/r1/r1_data.py,experiments/2026-10-04_claude_mta_cuda_r1_f10_cpu/src/r1/r1_data.py,58CCA676931CD4304CB1372460181D76104629573D24BFE133F1B4896934DDEA,58CCA676931CD4304CB1372460181D76104629573D24BFE133F1B4896934DDEA,False,
r1/runs/2026-10-04_claude_mta_cuda_r1_f10_cpu/src/r1/r1_models.py,experiments/2026-10-04_claude_mta_cuda_r1_f10_cpu/src/r1/r1_models.py,7F09B4BB30D5A2CCB347788EDCBAE56964A1CF44E4BF5A8AD8D22896E4A07B80,7F09B4BB30D5A2CCB347788EDCBAE56964A1CF44E4BF5A8AD8D22896E4A07B80,False,
r1/runs/2026-10-04_claude_mta_cuda_r1_f10_cpu/src/r1/r1_plan.py,experiments/2026-10-04_claude_mta_cuda_r1_f10_cpu/src/r1/r1_plan.py,A087E0400E4D31362BB6CDA14D464AD2DACB956D58B5D9624A2376215C8C7AFA,A087E0400E4D31362BB6CDA14D464AD2DACB956D58B5D9624A2376215C8C7AFA,False,
r1/runs/2026-10-04_claude_mta_cuda_r1_f10_cpu/src/r1/r1_runner.py,experiments/2026-10-04_claude_mta_cuda_r1_f10_cpu/src/r1/r1_runner.py,78F63376E89500A1D5E8C5ECB1DE96274467B5FA0793421716F6F2976EADFCE6,78F63376E89500A1D5E8C5ECB1DE96274467B5FA0793421716F6F2976EADFCE6,False,
r1/runs/2026-10-04_claude_mta_cuda_r1_f10_cpu/src/r1/run_worker.sh,experiments/2026-10-04_claude_mta_cuda_r1_f10_cpu/src/r1/run_worker.sh,9249D3E406B0D1CE35D7E3567FD15FE49A3279ADC2F01654B08B0E9CFF450C60,9249D3E406B0D1CE35D7E3567FD15FE49A3279ADC2F01654B08B0E9CFF450C60,False,
r1/runs/2026-10-04_claude_mta_cuda_r1_f10_cpu/src/r1/test_aggregate_stats.py,experiments/2026-10-04_claude_mta_cuda_r1_f10_cpu/src/r1/test_aggregate_stats.py,31132766FE9E754977D8F2BACFE6B7D788A2C1F259D1D9E149D9025365EF0CE9,31132766FE9E754977D8F2BACFE6B7D788A2C1F259D1D9E149D9025365EF0CE9,False,
r1/runs/2026-10-04_claude_mta_cuda_r1_f10_cpu/src/r1/verify_delivery.py,experiments/2026-10-04_claude_mta_cuda_r1_f10_cpu/src/r1/verify_delivery.py,604F277A0F767C4299B5CCAE4E64A739BC330FE015DEAC8CBFC7C0BCD3C7CC03,604F277A0F767C4299B5CCAE4E64A739BC330FE015DEAC8CBFC7C0BCD3C7CC03,False,
r1/runs/2026-10-04_claude_mta_cuda_r1_f10_cpu/src/requirements.txt,experiments/2026-10-04_claude_mta_cuda_r1_f10_cpu/src/requirements.txt,319C6C665A2F586393A7D839F5DAC563E651E4DFFE682022A986F743B055FEDC,319C6C665A2F586393A7D839F5DAC563E651E4DFFE682022A986F743B055FEDC,False,
r1/runs/2026-10-04_claude_mta_cuda_r1_f10_cpu/src/src/__init__.py,experiments/2026-10-04_claude_mta_cuda_r1_f10_cpu/src/src/__init__.py,0ABC22DF692CB0BC6CCD8488A9FF7B1B897E2CA753CEE33E9B12A75AF95B2DBF,0ABC22DF692CB0BC6CCD8488A9FF7B1B897E2CA753CEE33E9B12A75AF95B2DBF,False,
r1/runs/2026-10-04_claude_mta_cuda_r1_f10_cpu/src/src/data.py,experiments/2026-10-04_claude_mta_cuda_r1_f10_cpu/src/src/data.py,7800E7EFFB53C13DD65F38FF15374EB61ECD4259C8D666E3DCF01E93A2199123,7800E7EFFB53C13DD65F38FF15374EB61ECD4259C8D666E3DCF01E93A2199123,False,
r1/runs/2026-10-04_claude_mta_cuda_r1_f10_cpu/src/src/models.py,experiments/2026-10-04_claude_mta_cuda_r1_f10_cpu/src/src/models.py,431D217E2B7D82FBEDFA2E8E2E123E0857D3A0254357DB86CD5EA31E728E693E,431D217E2B7D82FBEDFA2E8E2E123E0857D3A0254357DB86CD5EA31E728E693E,False,
r1/runs/2026-10-04_claude_mta_cuda_r1_f10_cpu/src/src/sampling.py,experiments/2026-10-04_claude_mta_cuda_r1_f10_cpu/src/src/sampling.py,8D7A044A6999C69EBF007E1F4E499A1621C65C9F4CC124919044C6BB88D58819,8D7A044A6999C69EBF007E1F4E499A1621C65C9F4CC124919044C6BB88D58819,False,
r1/runs/2026-10-04_claude_mta_cuda_r1_f10_cpu/src/src/train_eval.py,experiments/2026-10-04_claude_mta_cuda_r1_f10_cpu/src/src/train_eval.py,1C4C28B45ABBA78100873AAFF8D089D7CD6873EB74B4EEFA75D5FDB406E8D1BE,1C4C28B45ABBA78100873AAFF8D089D7CD6873EB74B4EEFA75D5FDB406E8D1BE,False,
r1/runs/2026-10-04_claude_mta_cuda_r1_f10_cpu/src/timing_benchmark.py,experiments/2026-10-04_claude_mta_cuda_r1_f10_cpu/src/timing_benchmark.py,B80828E4ADD1F7922FA4C92B290EAFEB526AE698F622990BB7B9B1C7788697BB,B80828E4ADD1F7922FA4C92B290EAFEB526AE698F622990BB7B9B1C7788697BB,False,
r1/runs/2026-10-04_claude_mta_cuda_r1_f10_cpu/raw_outputs/DELIVERY_VERIFICATION.json,experiments/2026-10-04_claude_mta_cuda_r1_f10_cpu/raw_outputs/DELIVERY_VERIFICATION.json,ECAA8958C42F4B9FBAD4136208F59DAB4DFAE693CAFEE83ED2C6FF7EEAF12EEC,ECAA8958C42F4B9FBAD4136208F59DAB4DFAE693CAFEE83ED2C6FF7EEAF12EEC,False,
r1/runs/2026-10-04_claude_mta_cuda_r1_f10_cpu/raw_outputs/2026-10-04_claude_mta_cuda_r1_f10_cpu__public_outputs.tar.gz,experiments/2026-10-04_claude_mta_cuda_r1_f10_cpu/raw_outputs/2026-10-04_claude_mta_cuda_r1_f10_cpu__outputs.tar.gz,C4B293719E5EA3CB4F757377A1BD221B38C9CF023887FBA5AA5B9C4466A971BB,052E044B0BFF511F70C0DCDD91CACBA58162DE7FCACA4AF1834F80BD7B57ED04,True,subset of 215 members; see MEMBERS csv
r1/analysis/R1_ANALYSIS_MANIFEST.json,MD/09_audit_revision/R1_FREEZE/R1_ANALYSIS_MANIFEST.json,A86260DB680D7248081DFE452D0559104FED285C7CB35F8D4F843BCE51F8A804,A86260DB680D7248081DFE452D0559104FED285C7CB35F8D4F843BCE51F8A804,False,
r1/analysis/r0_paired_tests_validation_selected.csv,paper_package/derived/paired_tests_validation_selected.csv,4AE7909CFDBB3E6952D355CA258DD604196C73AB19FF6A9E74E088C6C05D94C1,4AE7909CFDBB3E6952D355CA258DD604196C73AB19FF6A9E74E088C6C05D94C1,False,
r1/figures/r1/build_r1_assets.py,figures/r1/build_r1_assets.py,E841C15515B49EB76DC32BB4C837F9D65A6BD17D03EC8BB1D9E3B9B7EF770587,B6000510D25D7EE9A1AB51BA1C188952AA6579838CB4A507A1FA634BA553D675,True,path edits listed in r1/README.md
r1/figures/r1/verify_r1_assets.py,figures/r1/verify_r1_assets.py,E3A5C83E9878F763194F840CB8395BA2A1D19624244143761378EF4AF24DF2DE,469674909899118735EA9665FBF15FCD738B568C98892EC488B14B7DC4675EAD,True,path edits listed in r1/README.md
r1/figures/r1/out/f8c_fit_diagnostics.csv,figures/r1/out/f8c_fit_diagnostics.csv,12CECFE2DCFE7F4F2718098B7852935C6DA2896867A617E6C59076C7EE0075D5,12CECFE2DCFE7F4F2718098B7852935C6DA2896867A617E6C59076C7EE0075D5,False,
r1/figures/r1/out/f8c_fit_diagnostics_units.csv,figures/r1/out/f8c_fit_diagnostics_units.csv,54DF401A6E589BC6168D425C58268E2F8CD9BF562A66E07DD8751B5936B4BF3B,54DF401A6E589BC6168D425C58268E2F8CD9BF562A66E07DD8751B5936B4BF3B,False,
r1/figures/r1/out/fig_controls.pdf,figures/r1/out/fig_controls.pdf,B1ADEA11598C8EAED940DA89F8AB923BF060BA6C23EE6A02B7D2A594BE1F8A45,B1ADEA11598C8EAED940DA89F8AB923BF060BA6C23EE6A02B7D2A594BE1F8A45,False,
r1/figures/r1/out/fig_sensitivity.pdf,figures/r1/out/fig_sensitivity.pdf,93CA33846757E1F352D4F81B5C159D3C8A8E58B216BB1570B14C06920112ADBC,93CA33846757E1F352D4F81B5C159D3C8A8E58B216BB1570B14C06920112ADBC,False,
r1/figures/r1/out/figure_data_controls.csv,figures/r1/out/figure_data_controls.csv,2C484248E0066DD4A5893930662BB30997E7DB33E80C6F57B79F0C330FF5F946,2C484248E0066DD4A5893930662BB30997E7DB33E80C6F57B79F0C330FF5F946,False,
r1/figures/r1/out/figure_data_sensitivity.csv,figures/r1/out/figure_data_sensitivity.csv,3D104B3E24794EECC93652942E8089A1DBA36D4A32379EA8D68FF59D6452A2CA,3D104B3E24794EECC93652942E8089A1DBA36D4A32379EA8D68FF59D6452A2CA,False,
r1/figures/r1/out/PROVENANCE.json,figures/r1/out/PROVENANCE.json,638B6395CBB41955B6A63CB481A17833E18983E29C8BE454EACF4695BCDA51AB,9E5F9D9E12C615F2B65DF3A01326EE4D11244358996AED48D435B7159ABBABA3,True,
r1/figures/r1/out/text_numbers.json,figures/r1/out/text_numbers.json,DC3D215B5D6B18CB71C1085F5B221BF28C0E61F2C367F4E1D5FB3A2E1C3182C6,DC3D215B5D6B18CB71C1085F5B221BF28C0E61F2C367F4E1D5FB3A2E1C3182C6,False,
r1/runs/2026-10-04_claude_mta_cuda_r1_tierd/RUN_MANIFEST.json,experiments/2026-10-04_claude_mta_cuda_r1_tierd/RUN_MANIFEST.json,2DAFBC7FF90663F648BC49E3B8EAFF54ADC1CD4107F6AC7287BCCB0D401F0450,68BFEAE37B0FE1ECD5CFA71F8C71ABB7E008E233BE802705F0BB001415B8FA88,True,
r1/runs/2026-10-04_claude_mta_cuda_r1_tierd/configs/IDENTITY.json,experiments/2026-10-04_claude_mta_cuda_r1_tierd/configs/IDENTITY.json,815A26B13E9A25027C1D937C24DECF73A9900B1F423C4A6D90BF995E649A2D24,815A26B13E9A25027C1D937C24DECF73A9900B1F423C4A6D90BF995E649A2D24,False,
r1/runs/2026-10-04_claude_mta_cuda_r1_tierd/configs/plan_tierd_run.json,experiments/2026-10-04_claude_mta_cuda_r1_tierd/configs/plan_tierd_run.json,FA93DEACBC74236E4884FD59D42D1B98D36D7EDECEE3D2D62506D19E8DD52D56,FA93DEACBC74236E4884FD59D42D1B98D36D7EDECEE3D2D62506D19E8DD52D56,False,
r1/runs/2026-10-04_claude_mta_cuda_r1_tierd/processed_outputs/ANALYSIS_RUN.json,experiments/2026-10-04_claude_mta_cuda_r1_tierd/processed_outputs/ANALYSIS_RUN.json,CDAE6100F93E4C8FCAB7F1F886FAF70034898B36096C875380E1EE77B8495334,CDAE6100F93E4C8FCAB7F1F886FAF70034898B36096C875380E1EE77B8495334,False,
r1/runs/2026-10-04_claude_mta_cuda_r1_tierd/processed_outputs/anchors.csv,experiments/2026-10-04_claude_mta_cuda_r1_tierd/processed_outputs/anchors.csv,A7CE6BA749C53641042F498A5767775F027EC5AD8CC89BE7DF5EFC12FC57AC2D,A7CE6BA749C53641042F498A5767775F027EC5AD8CC89BE7DF5EFC12FC57AC2D,False,
r1/runs/2026-10-04_claude_mta_cuda_r1_tierd/processed_outputs/composite_decisions.csv,experiments/2026-10-04_claude_mta_cuda_r1_tierd/processed_outputs/composite_decisions.csv,1B43184CE97F4FDCA25CCF8E3444E913408976808C12CA5795BC6CBEA87AC1F0,1B43184CE97F4FDCA25CCF8E3444E913408976808C12CA5795BC6CBEA87AC1F0,False,
r1/runs/2026-10-04_claude_mta_cuda_r1_tierd/processed_outputs/contrasts.csv,experiments/2026-10-04_claude_mta_cuda_r1_tierd/processed_outputs/contrasts.csv,D9ADCD950024229FB0659870AC58119FFD5E79952EBE90EB96B7D6552EE77057,D9ADCD950024229FB0659870AC58119FFD5E79952EBE90EB96B7D6552EE77057,False,
r1/runs/2026-10-04_claude_mta_cuda_r1_tierd/processed_outputs/decision_inputs.csv,experiments/2026-10-04_claude_mta_cuda_r1_tierd/processed_outputs/decision_inputs.csv,E9FD02E35E698FDC19A66CE4387B6446787928968A9F500C148A7477B7862EBF,E9FD02E35E698FDC19A66CE4387B6446787928968A9F500C148A7477B7862EBF,False,
r1/runs/2026-10-04_claude_mta_cuda_r1_tierd/processed_outputs/summary_by_cell.csv,experiments/2026-10-04_claude_mta_cuda_r1_tierd/processed_outputs/summary_by_cell.csv,28876990CA7C13E710A3E17380E89A300BCE135EC45E42BD7CCDF8CAA34353BC,28876990CA7C13E710A3E17380E89A300BCE135EC45E42BD7CCDF8CAA34353BC,False,
r1/runs/2026-10-04_claude_mta_cuda_r1_tierd/processed_outputs/unit_table.csv,experiments/2026-10-04_claude_mta_cuda_r1_tierd/processed_outputs/unit_table.csv,4AFF80E06D481CD2F77418AB0F4D62CA70975B71B634C05F17DE150E69B88E8C,4AFF80E06D481CD2F77418AB0F4D62CA70975B71B634C05F17DE150E69B88E8C,False,
r1/runs/2026-10-04_claude_mta_cuda_r1_tierd/verification/independent_recompute.json,experiments/2026-10-04_claude_mta_cuda_r1_tierd/verification/independent_recompute.json,97800D6D752B6C1B9984454D4895E8E5B876C8AB0DDE5D48FBFE46F4D544FA7B,97800D6D752B6C1B9984454D4895E8E5B876C8AB0DDE5D48FBFE46F4D544FA7B,False,
r1/runs/2026-10-04_claude_mta_cuda_r1_tierd/verification/independent_recompute_tierd.py,experiments/2026-10-04_claude_mta_cuda_r1_tierd/verification/independent_recompute_tierd.py,594962AF75BF324F5C83327064D7ACF759D52FC90C6093AC352081FA32A7F453,594962AF75BF324F5C83327064D7ACF759D52FC90C6093AC352081FA32A7F453,False,
r1/runs/2026-10-04_claude_mta_cuda_r1_tierd/verification/test_independent_recompute_tierd.py,experiments/2026-10-04_claude_mta_cuda_r1_tierd/verification/test_independent_recompute_tierd.py,796C92D464A23F53F7B9022893E8CEF7A645D1AFFF7DB1E43966353A5E460AA6,796C92D464A23F53F7B9022893E8CEF7A645D1AFFF7DB1E43966353A5E460AA6,False,
r1/runs/2026-10-04_claude_mta_cuda_r1_tierd/raw_outputs/DELIVERY_VERIFICATION.json,experiments/2026-10-04_claude_mta_cuda_r1_tierd/raw_outputs/DELIVERY_VERIFICATION.json,343253879052740BDAD5AB89228DF85A2CE75CAD1270C8174D4FE2F333880000,343253879052740BDAD5AB89228DF85A2CE75CAD1270C8174D4FE2F333880000,False,
r1/runs/2026-10-04_claude_mta_cuda_r1_tierd/raw_outputs/2026-10-04_claude_mta_cuda_r1_tierd__public_outputs.tar.gz,experiments/2026-10-04_claude_mta_cuda_r1_tierd/raw_outputs/2026-10-04_claude_mta_cuda_r1_tierd__outputs.tar.gz,6361AF506660DD8BF9A4FF3341B48574BF96448FCC476B56271E6DC7A392A404,A8FD4BE4235506976871FD16EE984A04B6DCC4952BC8A62C73DFCC5B1B40CF46,True,subset of 1361 members; see MEMBERS csv
r1/runs/2026-10-04_claude_mta_cuda_r1_tierd/src/benchmark.py,experiments/2026-10-04_claude_mta_cuda_r1_tierd/env/transfer_v7/code_snapshot.tar.gz:benchmark.py,02588D75DADA8B5D2F7C2CB9A60447AA7D121504D3DE4BC70B2632F6AA1998A4,02588D75DADA8B5D2F7C2CB9A60447AA7D121504D3DE4BC70B2632F6AA1998A4,False,member of the v7 code snapshot archive
r1/runs/2026-10-04_claude_mta_cuda_r1_tierd/src/r1/__init__.py,experiments/2026-10-04_claude_mta_cuda_r1_tierd/env/transfer_v7/code_snapshot.tar.gz:r1/__init__.py,C42BD7233BC6992D8D356ACDB9682EECAE6638A55C5B7A95356B185CB17AAE40,C42BD7233BC6992D8D356ACDB9682EECAE6638A55C5B7A95356B185CB17AAE40,False,member of the v7 code snapshot archive
r1/runs/2026-10-04_claude_mta_cuda_r1_tierd/src/r1/aggregate_r1.py,experiments/2026-10-04_claude_mta_cuda_r1_tierd/env/transfer_v7/code_snapshot.tar.gz:r1/aggregate_r1.py,301AA589613520E77684659160D49B33C0F1A0E045A54648554B48A202651610,301AA589613520E77684659160D49B33C0F1A0E045A54648554B48A202651610,False,member of the v7 code snapshot archive
r1/runs/2026-10-04_claude_mta_cuda_r1_tierd/src/r1/aggregate_tierd.py,experiments/2026-10-04_claude_mta_cuda_r1_tierd/env/transfer_v7/code_snapshot.tar.gz:r1/aggregate_tierd.py,D0481F7592EAE68CFA163FE3BC6D3E76258A9B9B8F207AA5D3E5004B6183B79C,D0481F7592EAE68CFA163FE3BC6D3E76258A9B9B8F207AA5D3E5004B6183B79C,False,member of the v7 code snapshot archive
r1/runs/2026-10-04_claude_mta_cuda_r1_tierd/src/r1/check_f10.py,experiments/2026-10-04_claude_mta_cuda_r1_tierd/env/transfer_v7/code_snapshot.tar.gz:r1/check_f10.py,0D0AF2A0A0FD94FFDE8A841291DA6FAC86A2C3B47FC41F925DAADBEB0A7E8C1A,0D0AF2A0A0FD94FFDE8A841291DA6FAC86A2C3B47FC41F925DAADBEB0A7E8C1A,False,member of the v7 code snapshot archive
r1/runs/2026-10-04_claude_mta_cuda_r1_tierd/src/r1/check_models.py,experiments/2026-10-04_claude_mta_cuda_r1_tierd/env/transfer_v7/code_snapshot.tar.gz:r1/check_models.py,F6A92E9AC1660BB0C0EEEFFE541A0BE8CFDEDF6D790906A394A76096A3C4E30D,F6A92E9AC1660BB0C0EEEFFE541A0BE8CFDEDF6D790906A394A76096A3C4E30D,False,member of the v7 code snapshot archive
r1/runs/2026-10-04_claude_mta_cuda_r1_tierd/src/r1/check_tierd.py,experiments/2026-10-04_claude_mta_cuda_r1_tierd/env/transfer_v7/code_snapshot.tar.gz:r1/check_tierd.py,A3968B2D8AB00559A7EDD7AF8C3190290BEBC82DED8D7023C85B114AD9B70C62,A3968B2D8AB00559A7EDD7AF8C3190290BEBC82DED8D7023C85B114AD9B70C62,False,member of the v7 code snapshot archive
r1/runs/2026-10-04_claude_mta_cuda_r1_tierd/src/r1/durability_smoke.sh,experiments/2026-10-04_claude_mta_cuda_r1_tierd/env/transfer_v7/code_snapshot.tar.gz:r1/durability_smoke.sh,11C6E8AC5A5AD3D5902AD3913EB39F27DB22E05F19DB2BEEE862A7C829F76643,11C6E8AC5A5AD3D5902AD3913EB39F27DB22E05F19DB2BEEE862A7C829F76643,False,member of the v7 code snapshot archive
r1/runs/2026-10-04_claude_mta_cuda_r1_tierd/src/r1/f10_macs.py,experiments/2026-10-04_claude_mta_cuda_r1_tierd/env/transfer_v7/code_snapshot.tar.gz:r1/f10_macs.py,6C98637F29877267DABCB424A80CF04F8B543D2FF3FB88622DAB1A21BB02F155,6C98637F29877267DABCB424A80CF04F8B543D2FF3FB88622DAB1A21BB02F155,False,member of the v7 code snapshot archive
r1/runs/2026-10-04_claude_mta_cuda_r1_tierd/src/r1/f10_timing.py,experiments/2026-10-04_claude_mta_cuda_r1_tierd/env/transfer_v7/code_snapshot.tar.gz:r1/f10_timing.py,58505C41A060F8F6D22D948678486DF6013E25C2E41932B3808D57F43F8984B7,58505C41A060F8F6D22D948678486DF6013E25C2E41932B3808D57F43F8984B7,False,member of the v7 code snapshot archive
r1/runs/2026-10-04_claude_mta_cuda_r1_tierd/src/r1/golden_check.py,experiments/2026-10-04_claude_mta_cuda_r1_tierd/env/transfer_v7/code_snapshot.tar.gz:r1/golden_check.py,55F4E98823AFC9C67C39461F876CED34DB9A922D374AF58A5A69237A8AC5448A,55F4E98823AFC9C67C39461F876CED34DB9A922D374AF58A5A69237A8AC5448A,False,member of the v7 code snapshot archive
r1/runs/2026-10-04_claude_mta_cuda_r1_tierd/src/r1/launch_batch.sh,experiments/2026-10-04_claude_mta_cuda_r1_tierd/env/transfer_v7/code_snapshot.tar.gz:r1/launch_batch.sh,1074607568AAE4FA8EB99762508217CC02C433B88F9EE92CED982376733B6256,1074607568AAE4FA8EB99762508217CC02C433B88F9EE92CED982376733B6256,False,member of the v7 code snapshot archive
r1/runs/2026-10-04_claude_mta_cuda_r1_tierd/src/r1/r1_analysis_manifest.py,experiments/2026-10-04_claude_mta_cuda_r1_tierd/env/transfer_v7/code_snapshot.tar.gz:r1/r1_analysis_manifest.py,5E20BAD06C96C8544AB9B9882516FFA1E1EE23A416A1D3F92E66DC06AB13B76B,5E20BAD06C96C8544AB9B9882516FFA1E1EE23A416A1D3F92E66DC06AB13B76B,False,member of the v7 code snapshot archive
r1/runs/2026-10-04_claude_mta_cuda_r1_tierd/src/r1/r1_data.py,experiments/2026-10-04_claude_mta_cuda_r1_tierd/env/transfer_v7/code_snapshot.tar.gz:r1/r1_data.py,DC39371F7902EF1657D88885DEAFF66068866239DCE6579DA07B22A732DD68D1,DC39371F7902EF1657D88885DEAFF66068866239DCE6579DA07B22A732DD68D1,False,member of the v7 code snapshot archive
r1/runs/2026-10-04_claude_mta_cuda_r1_tierd/src/r1/r1_models.py,experiments/2026-10-04_claude_mta_cuda_r1_tierd/env/transfer_v7/code_snapshot.tar.gz:r1/r1_models.py,B40DF46B8DCD5E8F9BBDFE827C0E61F22D7B55DCE6FF452810ADB4A57845B9E4,B40DF46B8DCD5E8F9BBDFE827C0E61F22D7B55DCE6FF452810ADB4A57845B9E4,False,member of the v7 code snapshot archive
r1/runs/2026-10-04_claude_mta_cuda_r1_tierd/src/r1/r1_plan.py,experiments/2026-10-04_claude_mta_cuda_r1_tierd/env/transfer_v7/code_snapshot.tar.gz:r1/r1_plan.py,67BBB4DF543224C263A98C264A624D4F40A33B76CD6C7DE262EFB947EAC184DA,67BBB4DF543224C263A98C264A624D4F40A33B76CD6C7DE262EFB947EAC184DA,False,member of the v7 code snapshot archive
r1/runs/2026-10-04_claude_mta_cuda_r1_tierd/src/r1/r1_runner.py,experiments/2026-10-04_claude_mta_cuda_r1_tierd/env/transfer_v7/code_snapshot.tar.gz:r1/r1_runner.py,78F63376E89500A1D5E8C5ECB1DE96274467B5FA0793421716F6F2976EADFCE6,78F63376E89500A1D5E8C5ECB1DE96274467B5FA0793421716F6F2976EADFCE6,False,member of the v7 code snapshot archive
r1/runs/2026-10-04_claude_mta_cuda_r1_tierd/src/r1/run_worker.sh,experiments/2026-10-04_claude_mta_cuda_r1_tierd/env/transfer_v7/code_snapshot.tar.gz:r1/run_worker.sh,9249D3E406B0D1CE35D7E3567FD15FE49A3279ADC2F01654B08B0E9CFF450C60,9249D3E406B0D1CE35D7E3567FD15FE49A3279ADC2F01654B08B0E9CFF450C60,False,member of the v7 code snapshot archive
r1/runs/2026-10-04_claude_mta_cuda_r1_tierd/src/r1/test_aggregate_stats.py,experiments/2026-10-04_claude_mta_cuda_r1_tierd/env/transfer_v7/code_snapshot.tar.gz:r1/test_aggregate_stats.py,31132766FE9E754977D8F2BACFE6B7D788A2C1F259D1D9E149D9025365EF0CE9,31132766FE9E754977D8F2BACFE6B7D788A2C1F259D1D9E149D9025365EF0CE9,False,member of the v7 code snapshot archive
r1/runs/2026-10-04_claude_mta_cuda_r1_tierd/src/r1/verify_delivery.py,experiments/2026-10-04_claude_mta_cuda_r1_tierd/env/transfer_v7/code_snapshot.tar.gz:r1/verify_delivery.py,604F277A0F767C4299B5CCAE4E64A739BC330FE015DEAC8CBFC7C0BCD3C7CC03,604F277A0F767C4299B5CCAE4E64A739BC330FE015DEAC8CBFC7C0BCD3C7CC03,False,member of the v7 code snapshot archive
r1/runs/2026-10-04_claude_mta_cuda_r1_tierd/src/requirements.txt,experiments/2026-10-04_claude_mta_cuda_r1_tierd/env/transfer_v7/code_snapshot.tar.gz:requirements.txt,319C6C665A2F586393A7D839F5DAC563E651E4DFFE682022A986F743B055FEDC,319C6C665A2F586393A7D839F5DAC563E651E4DFFE682022A986F743B055FEDC,False,member of the v7 code snapshot archive
r1/runs/2026-10-04_claude_mta_cuda_r1_tierd/src/src/__init__.py,experiments/2026-10-04_claude_mta_cuda_r1_tierd/env/transfer_v7/code_snapshot.tar.gz:src/__init__.py,0ABC22DF692CB0BC6CCD8488A9FF7B1B897E2CA753CEE33E9B12A75AF95B2DBF,0ABC22DF692CB0BC6CCD8488A9FF7B1B897E2CA753CEE33E9B12A75AF95B2DBF,False,member of the v7 code snapshot archive
r1/runs/2026-10-04_claude_mta_cuda_r1_tierd/src/src/data.py,experiments/2026-10-04_claude_mta_cuda_r1_tierd/env/transfer_v7/code_snapshot.tar.gz:src/data.py,7800E7EFFB53C13DD65F38FF15374EB61ECD4259C8D666E3DCF01E93A2199123,7800E7EFFB53C13DD65F38FF15374EB61ECD4259C8D666E3DCF01E93A2199123,False,member of the v7 code snapshot archive
r1/runs/2026-10-04_claude_mta_cuda_r1_tierd/src/src/models.py,experiments/2026-10-04_claude_mta_cuda_r1_tierd/env/transfer_v7/code_snapshot.tar.gz:src/models.py,431D217E2B7D82FBEDFA2E8E2E123E0857D3A0254357DB86CD5EA31E728E693E,431D217E2B7D82FBEDFA2E8E2E123E0857D3A0254357DB86CD5EA31E728E693E,False,member of the v7 code snapshot archive
r1/runs/2026-10-04_claude_mta_cuda_r1_tierd/src/src/sampling.py,experiments/2026-10-04_claude_mta_cuda_r1_tierd/env/transfer_v7/code_snapshot.tar.gz:src/sampling.py,8D7A044A6999C69EBF007E1F4E499A1621C65C9F4CC124919044C6BB88D58819,8D7A044A6999C69EBF007E1F4E499A1621C65C9F4CC124919044C6BB88D58819,False,member of the v7 code snapshot archive
r1/runs/2026-10-04_claude_mta_cuda_r1_tierd/src/src/train_eval.py,experiments/2026-10-04_claude_mta_cuda_r1_tierd/env/transfer_v7/code_snapshot.tar.gz:src/train_eval.py,1C4C28B45ABBA78100873AAFF8D089D7CD6873EB74B4EEFA75D5FDB406E8D1BE,1C4C28B45ABBA78100873AAFF8D089D7CD6873EB74B4EEFA75D5FDB406E8D1BE,False,member of the v7 code snapshot archive
r1/runs/2026-10-04_claude_mta_cuda_r1_tierd/src/timing_benchmark.py,experiments/2026-10-04_claude_mta_cuda_r1_tierd/env/transfer_v7/code_snapshot.tar.gz:timing_benchmark.py,B80828E4ADD1F7922FA4C92B290EAFEB526AE698F622990BB7B9B1C7788697BB,B80828E4ADD1F7922FA4C92B290EAFEB526AE698F622990BB7B9B1C7788697BB,False,member of the v7 code snapshot archive
r1/runs/2026-10-04_claude_mta_cuda_r1_tierd/src/CODE_MANIFEST.json,experiments/2026-10-04_claude_mta_cuda_r1_tierd/env/transfer_v7/code_snapshot_manifest.json,4DB68A5764A103EA60D948553910C922DF472A30C593DA0C9DB2B355426AA048,4DB68A5764A103EA60D948553910C922DF472A30C593DA0C9DB2B355426AA048,False,the v7 transfer manifest
r1/runs/2026-10-05_claude_mta_cuda_r1_f1conv/RUN_MANIFEST.json,experiments/2026-10-05_claude_mta_cuda_r1_f1conv/RUN_MANIFEST.json,FE1F4B2ED3448FEADEF85FCF71D137E220927B9FDFD5D6B58E02DE1688AB4896,196CD0399A4199F8346FBB175E531D8E7EEEF42113A14F092A6B00D4105FD18A,True,
r1/runs/2026-10-05_claude_mta_cuda_r1_f1conv/configs/IDENTITY.json,experiments/2026-10-05_claude_mta_cuda_r1_f1conv/configs/IDENTITY.json,E72DBE8220933E4E73153D31C2A23C8D40B72230848A0A64D3A7D474D4F76DB0,E72DBE8220933E4E73153D31C2A23C8D40B72230848A0A64D3A7D474D4F76DB0,False,
r1/runs/2026-10-05_claude_mta_cuda_r1_f1conv/configs/plan_f1conv_run.json,experiments/2026-10-05_claude_mta_cuda_r1_f1conv/configs/plan_f1conv_run.json,37F966BF2938377CC6AFF43FFC57C3C7BAFE103C0A147E3E5BF019A67CD21B49,37F966BF2938377CC6AFF43FFC57C3C7BAFE103C0A147E3E5BF019A67CD21B49,False,
r1/runs/2026-10-05_claude_mta_cuda_r1_f1conv/configs/check_plan_f1conv.py,experiments/2026-10-05_claude_mta_cuda_r1_f1conv/configs/check_plan_f1conv.py,DAF0FE2523876653E6C9E57C5C41C00E2317A0615E9695DA4EDE069595C1E8C2,DAF0FE2523876653E6C9E57C5C41C00E2317A0615E9695DA4EDE069595C1E8C2,False,
r1/runs/2026-10-05_claude_mta_cuda_r1_f1conv/configs/write_identity_manifest.py,experiments/2026-10-05_claude_mta_cuda_r1_f1conv/configs/write_identity_manifest.py,8E3760D7F71B69DF9E657E0B9634F3266CD6D2C45742923ACB80AFB15AACC0EA,781484637F0F1FED9F3C22CA498BFFAC128FEC740F287B8C6AB433CE5FC47C63,True,
r1/runs/2026-10-05_claude_mta_cuda_r1_f1conv/processed_outputs/ANALYSIS_RUN.json,experiments/2026-10-05_claude_mta_cuda_r1_f1conv/processed_outputs/ANALYSIS_RUN.json,33AE5AE12B2AA308F5146DA37F91C14C8621F9EFD7DB486D441821454C63C8A1,33AE5AE12B2AA308F5146DA37F91C14C8621F9EFD7DB486D441821454C63C8A1,False,
r1/runs/2026-10-05_claude_mta_cuda_r1_f1conv/processed_outputs/budget_agreement.csv,experiments/2026-10-05_claude_mta_cuda_r1_f1conv/processed_outputs/budget_agreement.csv,242BBFD8F1FB93930EE0486F8267B66ECE872024078748F6FC40DAE37E5FF3FF,242BBFD8F1FB93930EE0486F8267B66ECE872024078748F6FC40DAE37E5FF3FF,False,
r1/runs/2026-10-05_claude_mta_cuda_r1_f1conv/processed_outputs/budget_change.csv,experiments/2026-10-05_claude_mta_cuda_r1_f1conv/processed_outputs/budget_change.csv,2B47EF79E00F8278BEE3190F0146E5A4AD4C1D3790C3EF203AA1B1B70455621E,2B47EF79E00F8278BEE3190F0146E5A4AD4C1D3790C3EF203AA1B1B70455621E,False,
r1/runs/2026-10-05_claude_mta_cuda_r1_f1conv/processed_outputs/composite_decisions.csv,experiments/2026-10-05_claude_mta_cuda_r1_f1conv/processed_outputs/composite_decisions.csv,8DC6D4D21EBBC3E1DE3AB10D68EF22EA32192B98074CE6FB013EA372D55147B3,8DC6D4D21EBBC3E1DE3AB10D68EF22EA32192B98074CE6FB013EA372D55147B3,False,
r1/runs/2026-10-05_claude_mta_cuda_r1_f1conv/processed_outputs/contrasts.csv,experiments/2026-10-05_claude_mta_cuda_r1_f1conv/processed_outputs/contrasts.csv,D45E6A0BDEDC7CC06C9ABF20DF459ADA167E315E20BECE2F9E63A95050C2EA5B,D45E6A0BDEDC7CC06C9ABF20DF459ADA167E315E20BECE2F9E63A95050C2EA5B,False,
r1/runs/2026-10-05_claude_mta_cuda_r1_f1conv/processed_outputs/decision_inputs.csv,experiments/2026-10-05_claude_mta_cuda_r1_f1conv/processed_outputs/decision_inputs.csv,68E87719CDE281E433C6765B6BC8F01BEBA718FCCE8582004A965BF6127FBD67,68E87719CDE281E433C6765B6BC8F01BEBA718FCCE8582004A965BF6127FBD67,False,
r1/runs/2026-10-05_claude_mta_cuda_r1_f1conv/processed_outputs/prefix_gate.csv,experiments/2026-10-05_claude_mta_cuda_r1_f1conv/processed_outputs/prefix_gate.csv,D60AFC735593C503B82959865D35D6F9F4BB92D0918EBFB5BE383A05AF550C7C,D60AFC735593C503B82959865D35D6F9F4BB92D0918EBFB5BE383A05AF550C7C,False,
r1/runs/2026-10-05_claude_mta_cuda_r1_f1conv/processed_outputs/summary_by_cell.csv,experiments/2026-10-05_claude_mta_cuda_r1_f1conv/processed_outputs/summary_by_cell.csv,D058B589208066BD3F2542746746A6DFDD5F638F75FA74B18CDFC2F80AF0F1A0,D058B589208066BD3F2542746746A6DFDD5F638F75FA74B18CDFC2F80AF0F1A0,False,
r1/runs/2026-10-05_claude_mta_cuda_r1_f1conv/processed_outputs/unit_table.csv,experiments/2026-10-05_claude_mta_cuda_r1_f1conv/processed_outputs/unit_table.csv,C8BAA30C33EDD288118EECBE35093D291E8703F0FE2461D5A6CF6F36D6019E7C,C8BAA30C33EDD288118EECBE35093D291E8703F0FE2461D5A6CF6F36D6019E7C,False,
r1/runs/2026-10-05_claude_mta_cuda_r1_f1conv/verification/independent_recompute.json,experiments/2026-10-05_claude_mta_cuda_r1_f1conv/verification/independent_recompute.json,3276351D8E98100BAD1A87A8391B15658EB8B349C4985AF294A7E8FA9BCC4F49,3276351D8E98100BAD1A87A8391B15658EB8B349C4985AF294A7E8FA9BCC4F49,False,
r1/runs/2026-10-05_claude_mta_cuda_r1_f1conv/verification/independent_recompute_f1conv.py,experiments/2026-10-05_claude_mta_cuda_r1_f1conv/verification/independent_recompute_f1conv.py,981D380AC7578BE155DC41769E6D3A246DDFDB06F3C298077DDCF588EAD5555B,981D380AC7578BE155DC41769E6D3A246DDFDB06F3C298077DDCF588EAD5555B,False,
r1/runs/2026-10-05_claude_mta_cuda_r1_f1conv/verification/test_independent_recompute_f1conv.py,experiments/2026-10-05_claude_mta_cuda_r1_f1conv/verification/test_independent_recompute_f1conv.py,25D257E6698ABED99433B601954968882335E602980B48F63A3DDDDF1066BB88,25D257E6698ABED99433B601954968882335E602980B48F63A3DDDDF1066BB88,False,
r1/runs/2026-10-05_claude_mta_cuda_r1_f1conv/raw_outputs/DELIVERY_VERIFICATION.json,experiments/2026-10-05_claude_mta_cuda_r1_f1conv/raw_outputs/DELIVERY_VERIFICATION.json,D0BD0E1B8809AF86FCDFDE7236DF0FF07E5283EAC4ADA63D2B96086BF2679B72,D0BD0E1B8809AF86FCDFDE7236DF0FF07E5283EAC4ADA63D2B96086BF2679B72,False,
r1/runs/2026-10-05_claude_mta_cuda_r1_f1conv/raw_outputs/2026-10-05_claude_mta_cuda_r1_f1conv__public_outputs.tar.gz,experiments/2026-10-05_claude_mta_cuda_r1_f1conv/raw_outputs/2026-10-05_claude_mta_cuda_r1_f1conv__outputs.tar.gz,F4A2CB5FC2F007CFCC09C847B43D80AC8C44A06EB7B9C05188C81F8590A08C36,9C71806E588C425AAAD74C2ADF8B94E3E60D643B34D1BD4BAAC1F0F14BD3EE32,True,subset of 734 members; see MEMBERS csv
r1/runs/2026-10-05_claude_mta_cuda_r1_f1conv/src/benchmark.py,experiments/2026-10-04_claude_mta_cuda_r1_tierd/env/transfer_v7/code_snapshot.tar.gz:benchmark.py,02588D75DADA8B5D2F7C2CB9A60447AA7D121504D3DE4BC70B2632F6AA1998A4,02588D75DADA8B5D2F7C2CB9A60447AA7D121504D3DE4BC70B2632F6AA1998A4,False,member of the v7 code snapshot archive
r1/runs/2026-10-05_claude_mta_cuda_r1_f1conv/src/r1/__init__.py,experiments/2026-10-04_claude_mta_cuda_r1_tierd/env/transfer_v7/code_snapshot.tar.gz:r1/__init__.py,C42BD7233BC6992D8D356ACDB9682EECAE6638A55C5B7A95356B185CB17AAE40,C42BD7233BC6992D8D356ACDB9682EECAE6638A55C5B7A95356B185CB17AAE40,False,member of the v7 code snapshot archive
r1/runs/2026-10-05_claude_mta_cuda_r1_f1conv/src/r1/aggregate_r1.py,experiments/2026-10-04_claude_mta_cuda_r1_tierd/env/transfer_v7/code_snapshot.tar.gz:r1/aggregate_r1.py,301AA589613520E77684659160D49B33C0F1A0E045A54648554B48A202651610,301AA589613520E77684659160D49B33C0F1A0E045A54648554B48A202651610,False,member of the v7 code snapshot archive
r1/runs/2026-10-05_claude_mta_cuda_r1_f1conv/src/r1/aggregate_tierd.py,experiments/2026-10-04_claude_mta_cuda_r1_tierd/env/transfer_v7/code_snapshot.tar.gz:r1/aggregate_tierd.py,D0481F7592EAE68CFA163FE3BC6D3E76258A9B9B8F207AA5D3E5004B6183B79C,D0481F7592EAE68CFA163FE3BC6D3E76258A9B9B8F207AA5D3E5004B6183B79C,False,member of the v7 code snapshot archive
r1/runs/2026-10-05_claude_mta_cuda_r1_f1conv/src/r1/check_f10.py,experiments/2026-10-04_claude_mta_cuda_r1_tierd/env/transfer_v7/code_snapshot.tar.gz:r1/check_f10.py,0D0AF2A0A0FD94FFDE8A841291DA6FAC86A2C3B47FC41F925DAADBEB0A7E8C1A,0D0AF2A0A0FD94FFDE8A841291DA6FAC86A2C3B47FC41F925DAADBEB0A7E8C1A,False,member of the v7 code snapshot archive
r1/runs/2026-10-05_claude_mta_cuda_r1_f1conv/src/r1/check_models.py,experiments/2026-10-04_claude_mta_cuda_r1_tierd/env/transfer_v7/code_snapshot.tar.gz:r1/check_models.py,F6A92E9AC1660BB0C0EEEFFE541A0BE8CFDEDF6D790906A394A76096A3C4E30D,F6A92E9AC1660BB0C0EEEFFE541A0BE8CFDEDF6D790906A394A76096A3C4E30D,False,member of the v7 code snapshot archive
r1/runs/2026-10-05_claude_mta_cuda_r1_f1conv/src/r1/check_tierd.py,experiments/2026-10-04_claude_mta_cuda_r1_tierd/env/transfer_v7/code_snapshot.tar.gz:r1/check_tierd.py,A3968B2D8AB00559A7EDD7AF8C3190290BEBC82DED8D7023C85B114AD9B70C62,A3968B2D8AB00559A7EDD7AF8C3190290BEBC82DED8D7023C85B114AD9B70C62,False,member of the v7 code snapshot archive
r1/runs/2026-10-05_claude_mta_cuda_r1_f1conv/src/r1/durability_smoke.sh,experiments/2026-10-04_claude_mta_cuda_r1_tierd/env/transfer_v7/code_snapshot.tar.gz:r1/durability_smoke.sh,11C6E8AC5A5AD3D5902AD3913EB39F27DB22E05F19DB2BEEE862A7C829F76643,11C6E8AC5A5AD3D5902AD3913EB39F27DB22E05F19DB2BEEE862A7C829F76643,False,member of the v7 code snapshot archive
r1/runs/2026-10-05_claude_mta_cuda_r1_f1conv/src/r1/f10_macs.py,experiments/2026-10-04_claude_mta_cuda_r1_tierd/env/transfer_v7/code_snapshot.tar.gz:r1/f10_macs.py,6C98637F29877267DABCB424A80CF04F8B543D2FF3FB88622DAB1A21BB02F155,6C98637F29877267DABCB424A80CF04F8B543D2FF3FB88622DAB1A21BB02F155,False,member of the v7 code snapshot archive
r1/runs/2026-10-05_claude_mta_cuda_r1_f1conv/src/r1/f10_timing.py,experiments/2026-10-04_claude_mta_cuda_r1_tierd/env/transfer_v7/code_snapshot.tar.gz:r1/f10_timing.py,58505C41A060F8F6D22D948678486DF6013E25C2E41932B3808D57F43F8984B7,58505C41A060F8F6D22D948678486DF6013E25C2E41932B3808D57F43F8984B7,False,member of the v7 code snapshot archive
r1/runs/2026-10-05_claude_mta_cuda_r1_f1conv/src/r1/golden_check.py,experiments/2026-10-04_claude_mta_cuda_r1_tierd/env/transfer_v7/code_snapshot.tar.gz:r1/golden_check.py,55F4E98823AFC9C67C39461F876CED34DB9A922D374AF58A5A69237A8AC5448A,55F4E98823AFC9C67C39461F876CED34DB9A922D374AF58A5A69237A8AC5448A,False,member of the v7 code snapshot archive
r1/runs/2026-10-05_claude_mta_cuda_r1_f1conv/src/r1/launch_batch.sh,experiments/2026-10-04_claude_mta_cuda_r1_tierd/env/transfer_v7/code_snapshot.tar.gz:r1/launch_batch.sh,1074607568AAE4FA8EB99762508217CC02C433B88F9EE92CED982376733B6256,1074607568AAE4FA8EB99762508217CC02C433B88F9EE92CED982376733B6256,False,member of the v7 code snapshot archive
r1/runs/2026-10-05_claude_mta_cuda_r1_f1conv/src/r1/r1_analysis_manifest.py,experiments/2026-10-04_claude_mta_cuda_r1_tierd/env/transfer_v7/code_snapshot.tar.gz:r1/r1_analysis_manifest.py,5E20BAD06C96C8544AB9B9882516FFA1E1EE23A416A1D3F92E66DC06AB13B76B,5E20BAD06C96C8544AB9B9882516FFA1E1EE23A416A1D3F92E66DC06AB13B76B,False,member of the v7 code snapshot archive
r1/runs/2026-10-05_claude_mta_cuda_r1_f1conv/src/r1/r1_data.py,experiments/2026-10-04_claude_mta_cuda_r1_tierd/env/transfer_v7/code_snapshot.tar.gz:r1/r1_data.py,DC39371F7902EF1657D88885DEAFF66068866239DCE6579DA07B22A732DD68D1,DC39371F7902EF1657D88885DEAFF66068866239DCE6579DA07B22A732DD68D1,False,member of the v7 code snapshot archive
r1/runs/2026-10-05_claude_mta_cuda_r1_f1conv/src/r1/r1_models.py,experiments/2026-10-04_claude_mta_cuda_r1_tierd/env/transfer_v7/code_snapshot.tar.gz:r1/r1_models.py,B40DF46B8DCD5E8F9BBDFE827C0E61F22D7B55DCE6FF452810ADB4A57845B9E4,B40DF46B8DCD5E8F9BBDFE827C0E61F22D7B55DCE6FF452810ADB4A57845B9E4,False,member of the v7 code snapshot archive
r1/runs/2026-10-05_claude_mta_cuda_r1_f1conv/src/r1/r1_plan.py,experiments/2026-10-04_claude_mta_cuda_r1_tierd/env/transfer_v7/code_snapshot.tar.gz:r1/r1_plan.py,67BBB4DF543224C263A98C264A624D4F40A33B76CD6C7DE262EFB947EAC184DA,67BBB4DF543224C263A98C264A624D4F40A33B76CD6C7DE262EFB947EAC184DA,False,member of the v7 code snapshot archive
r1/runs/2026-10-05_claude_mta_cuda_r1_f1conv/src/r1/r1_runner.py,experiments/2026-10-04_claude_mta_cuda_r1_tierd/env/transfer_v7/code_snapshot.tar.gz:r1/r1_runner.py,78F63376E89500A1D5E8C5ECB1DE96274467B5FA0793421716F6F2976EADFCE6,78F63376E89500A1D5E8C5ECB1DE96274467B5FA0793421716F6F2976EADFCE6,False,member of the v7 code snapshot archive
r1/runs/2026-10-05_claude_mta_cuda_r1_f1conv/src/r1/run_worker.sh,experiments/2026-10-04_claude_mta_cuda_r1_tierd/env/transfer_v7/code_snapshot.tar.gz:r1/run_worker.sh,9249D3E406B0D1CE35D7E3567FD15FE49A3279ADC2F01654B08B0E9CFF450C60,9249D3E406B0D1CE35D7E3567FD15FE49A3279ADC2F01654B08B0E9CFF450C60,False,member of the v7 code snapshot archive
r1/runs/2026-10-05_claude_mta_cuda_r1_f1conv/src/r1/test_aggregate_stats.py,experiments/2026-10-04_claude_mta_cuda_r1_tierd/env/transfer_v7/code_snapshot.tar.gz:r1/test_aggregate_stats.py,31132766FE9E754977D8F2BACFE6B7D788A2C1F259D1D9E149D9025365EF0CE9,31132766FE9E754977D8F2BACFE6B7D788A2C1F259D1D9E149D9025365EF0CE9,False,member of the v7 code snapshot archive
r1/runs/2026-10-05_claude_mta_cuda_r1_f1conv/src/r1/verify_delivery.py,experiments/2026-10-04_claude_mta_cuda_r1_tierd/env/transfer_v7/code_snapshot.tar.gz:r1/verify_delivery.py,604F277A0F767C4299B5CCAE4E64A739BC330FE015DEAC8CBFC7C0BCD3C7CC03,604F277A0F767C4299B5CCAE4E64A739BC330FE015DEAC8CBFC7C0BCD3C7CC03,False,member of the v7 code snapshot archive
r1/runs/2026-10-05_claude_mta_cuda_r1_f1conv/src/requirements.txt,experiments/2026-10-04_claude_mta_cuda_r1_tierd/env/transfer_v7/code_snapshot.tar.gz:requirements.txt,319C6C665A2F586393A7D839F5DAC563E651E4DFFE682022A986F743B055FEDC,319C6C665A2F586393A7D839F5DAC563E651E4DFFE682022A986F743B055FEDC,False,member of the v7 code snapshot archive
r1/runs/2026-10-05_claude_mta_cuda_r1_f1conv/src/src/__init__.py,experiments/2026-10-04_claude_mta_cuda_r1_tierd/env/transfer_v7/code_snapshot.tar.gz:src/__init__.py,0ABC22DF692CB0BC6CCD8488A9FF7B1B897E2CA753CEE33E9B12A75AF95B2DBF,0ABC22DF692CB0BC6CCD8488A9FF7B1B897E2CA753CEE33E9B12A75AF95B2DBF,False,member of the v7 code snapshot archive
r1/runs/2026-10-05_claude_mta_cuda_r1_f1conv/src/src/data.py,experiments/2026-10-04_claude_mta_cuda_r1_tierd/env/transfer_v7/code_snapshot.tar.gz:src/data.py,7800E7EFFB53C13DD65F38FF15374EB61ECD4259C8D666E3DCF01E93A2199123,7800E7EFFB53C13DD65F38FF15374EB61ECD4259C8D666E3DCF01E93A2199123,False,member of the v7 code snapshot archive
r1/runs/2026-10-05_claude_mta_cuda_r1_f1conv/src/src/models.py,experiments/2026-10-04_claude_mta_cuda_r1_tierd/env/transfer_v7/code_snapshot.tar.gz:src/models.py,431D217E2B7D82FBEDFA2E8E2E123E0857D3A0254357DB86CD5EA31E728E693E,431D217E2B7D82FBEDFA2E8E2E123E0857D3A0254357DB86CD5EA31E728E693E,False,member of the v7 code snapshot archive
r1/runs/2026-10-05_claude_mta_cuda_r1_f1conv/src/src/sampling.py,experiments/2026-10-04_claude_mta_cuda_r1_tierd/env/transfer_v7/code_snapshot.tar.gz:src/sampling.py,8D7A044A6999C69EBF007E1F4E499A1621C65C9F4CC124919044C6BB88D58819,8D7A044A6999C69EBF007E1F4E499A1621C65C9F4CC124919044C6BB88D58819,False,member of the v7 code snapshot archive
r1/runs/2026-10-05_claude_mta_cuda_r1_f1conv/src/src/train_eval.py,experiments/2026-10-04_claude_mta_cuda_r1_tierd/env/transfer_v7/code_snapshot.tar.gz:src/train_eval.py,1C4C28B45ABBA78100873AAFF8D089D7CD6873EB74B4EEFA75D5FDB406E8D1BE,1C4C28B45ABBA78100873AAFF8D089D7CD6873EB74B4EEFA75D5FDB406E8D1BE,False,member of the v7 code snapshot archive
r1/runs/2026-10-05_claude_mta_cuda_r1_f1conv/src/timing_benchmark.py,experiments/2026-10-04_claude_mta_cuda_r1_tierd/env/transfer_v7/code_snapshot.tar.gz:timing_benchmark.py,B80828E4ADD1F7922FA4C92B290EAFEB526AE698F622990BB7B9B1C7788697BB,B80828E4ADD1F7922FA4C92B290EAFEB526AE698F622990BB7B9B1C7788697BB,False,member of the v7 code snapshot archive
r1/runs/2026-10-05_claude_mta_cuda_r1_f1conv/src/CODE_MANIFEST.json,experiments/2026-10-04_claude_mta_cuda_r1_tierd/env/transfer_v7/code_snapshot_manifest.json,4DB68A5764A103EA60D948553910C922DF472A30C593DA0C9DB2B355426AA048,4DB68A5764A103EA60D948553910C922DF472A30C593DA0C9DB2B355426AA048,False,the v7 transfer manifest
r1/runs/2026-10-05_claude_mta_cuda_r1_f1conv/src/r1/aggregate_f1conv.py,dann_benchmark/r1/aggregate_f1conv.py,DC7BA283041C44B297697788C1D41BCAF9514EFF46304F2008F513DE37B6B7CC,DC7BA283041C44B297697788C1D41BCAF9514EFF46304F2008F513DE37B6B7CC,False,analysis bound before the results; not part of the executed snapshot
r1/figures/r1/build_tierd_assets.py,figures/r1/build_tierd_assets.py,2AA9B74432A8F3857B28E1D075B15F681404231769B53298AD1408ACC5890CD5,F4938F48F493591B99005F5274925D0D113543B11E6FCCE4ADCEF4B9A0B98AD4,True,path edits listed in r1/README.md
r1/figures/r1/verify_tierd_assets.py,figures/r1/verify_tierd_assets.py,FC95BBC2CAF0DD7F8E2A41DF68F1494C1017B98D34534FDC337E9C5BDE4B7F3B,8F350FCD3395B3F5592F4F86F09867021B0ABBC8AADB44B00FD8A5DE26E1C5A7,True,path edits listed in r1/README.md
r1/figures/r1/build_f1conv_assets.py,figures/r1/build_f1conv_assets.py,93AA7F57A3A87FB0399FD5054A889D672E111B372EA1D8C34FF44BD91C77814F,956078AFCB259F8A9727B3ADB9657397476059BE4C3C691032D216F82D2967C8,True,path edits listed in r1/README.md
r1/figures/r1/verify_f1conv_assets.py,figures/r1/verify_f1conv_assets.py,42FFAF99F7DDDE0D5EF9620B307862DA68D8799D42FF66014189EE0817D66145,33913221B3399927895AFF99648180715DB17B6CB422FD17D8A9900FFEBF846F,True,path edits listed in r1/README.md
r1/figures/r1/out/tierd_text_numbers.json,figures/r1/out/tierd_text_numbers.json,F6C6EC9DDC015224B3016510E9EDA638BDD2B21D8A9FDF162F2FA0D4778C532B,F6C6EC9DDC015224B3016510E9EDA638BDD2B21D8A9FDF162F2FA0D4778C532B,False,
r1/figures/r1/out/PROVENANCE_tierd.json,figures/r1/out/PROVENANCE_tierd.json,E2662F9296C2BE2D580B32764D4CE4392A6D85B34ACD896F1AAAB60522130BE7,E2662F9296C2BE2D580B32764D4CE4392A6D85B34ACD896F1AAAB60522130BE7,False,
r1/figures/r1/out/f1conv_text_numbers.json,figures/r1/out/f1conv_text_numbers.json,642A1286AE036A138D4B5C7902EF1163A88FCD504870013E5D8BF422F8B4815E,642A1286AE036A138D4B5C7902EF1163A88FCD504870013E5D8BF422F8B4815E,False,
r1/figures/r1/out/PROVENANCE_f1conv.json,figures/r1/out/PROVENANCE_f1conv.json,692FB0A00D902CB9C5847129BD7671A928B18F67FDD4F1BA33B23CAEEB91FDE2,692FB0A00D902CB9C5847129BD7671A928B18F67FDD4F1BA33B23CAEEB91FDE2,False,
r1/runs/2026-10-08_claude_mta_cuda_r1_f4split/RUN_MANIFEST.json,experiments/2026-10-08_claude_mta_cuda_r1_f4split/RUN_MANIFEST.json,92D24FAA2855EB1BED36CA76F607E033ADF3608DABAB423A70960232EBAC2BBB,F4FAD9F85C1E51C2D26184CDBE0A1C46C2A2957515D01DB857EADF9E598DAA1E,True,
r1/runs/2026-10-08_claude_mta_cuda_r1_f4split/configs/IDENTITY.json,experiments/2026-10-08_claude_mta_cuda_r1_f4split/configs/IDENTITY.json,97190C3EB304A8B930F6E82041A9D06C1DA22F5EA53CAB39E23E522C49E58865,97190C3EB304A8B930F6E82041A9D06C1DA22F5EA53CAB39E23E522C49E58865,False,
r1/runs/2026-10-08_claude_mta_cuda_r1_f4split/configs/plan_f4split_run.json,experiments/2026-10-08_claude_mta_cuda_r1_f4split/configs/plan_f4split_run.json,04287F1605F9D4D344D4DCBAA4842FADB32C09DA2B505886DCC8E01AF65CDF89,04287F1605F9D4D344D4DCBAA4842FADB32C09DA2B505886DCC8E01AF65CDF89,False,
r1/runs/2026-10-08_claude_mta_cuda_r1_f4split/configs/write_identity_manifest.py,experiments/2026-10-08_claude_mta_cuda_r1_f4split/configs/write_identity_manifest.py,92D159B91B83BE3DF434A1205C126168C1FD7985F1814718FA67A21AFBB026C3,CEEEF64D910969CAA81C9060275923F982B2491D9E3FCCB2C33F09F4F9FD8439,True,
r1/runs/2026-10-08_claude_mta_cuda_r1_f4split/processed_outputs/ANALYSIS_RUN.json,experiments/2026-10-08_claude_mta_cuda_r1_f4split/processed_outputs/ANALYSIS_RUN.json,00FA13D2DD8957ECD3D9CDFE002B8641722A405FCE0A7704738FB3B53362032B,00FA13D2DD8957ECD3D9CDFE002B8641722A405FCE0A7704738FB3B53362032B,False,
r1/runs/2026-10-08_claude_mta_cuda_r1_f4split/processed_outputs/decision_inputs.json,experiments/2026-10-08_claude_mta_cuda_r1_f4split/processed_outputs/decision_inputs.json,F56DA57D12FA2D64D85AEF7A278376F46FBCBE4325227A0ABA02EBE301A7997D,F56DA57D12FA2D64D85AEF7A278376F46FBCBE4325227A0ABA02EBE301A7997D,False,
r1/runs/2026-10-08_claude_mta_cuda_r1_f4split/processed_outputs/reproduction_gate.csv,experiments/2026-10-08_claude_mta_cuda_r1_f4split/processed_outputs/reproduction_gate.csv,F0740E868363BD89481A0509AF9A2FC29C0AE91A97242F3ABBC9AC4E6DB5652E,F0740E868363BD89481A0509AF9A2FC29C0AE91A97242F3ABBC9AC4E6DB5652E,False,
r1/runs/2026-10-08_claude_mta_cuda_r1_f4split/processed_outputs/source_model_summary.csv,experiments/2026-10-08_claude_mta_cuda_r1_f4split/processed_outputs/source_model_summary.csv,906A883D7A1B9C4C2464D38C47BF8FD5D93E5B424EB39B21B4202B1218F87C1E,906A883D7A1B9C4C2464D38C47BF8FD5D93E5B424EB39B21B4202B1218F87C1E,False,
r1/runs/2026-10-08_claude_mta_cuda_r1_f4split/processed_outputs/source_paired_summary.csv,experiments/2026-10-08_claude_mta_cuda_r1_f4split/processed_outputs/source_paired_summary.csv,9CE54A7EB6F498BB0E648BF885A3D4A4CE4AA2D65B46B4BC81675FD139F44C13,9CE54A7EB6F498BB0E648BF885A3D4A4CE4AA2D65B46B4BC81675FD139F44C13,False,
r1/runs/2026-10-08_claude_mta_cuda_r1_f4split/processed_outputs/unit_table.csv,experiments/2026-10-08_claude_mta_cuda_r1_f4split/processed_outputs/unit_table.csv,786DBAAA6826CF255D797CF5FFA65D73F682B351A55A11658E64A6DB84D5AE3C,786DBAAA6826CF255D797CF5FFA65D73F682B351A55A11658E64A6DB84D5AE3C,False,
r1/runs/2026-10-08_claude_mta_cuda_r1_f4split/verification/independent_recompute.json,experiments/2026-10-08_claude_mta_cuda_r1_f4split/verification/independent_recompute.json,8D0B635D39D74AFEDC3BD254C3682D6EFBAAAB837FDC39D2BF74DD917A87C36E,8D0B635D39D74AFEDC3BD254C3682D6EFBAAAB837FDC39D2BF74DD917A87C36E,False,
r1/runs/2026-10-08_claude_mta_cuda_r1_f4split/verification/independent_recompute_f4split.py,experiments/2026-10-08_claude_mta_cuda_r1_f4split/verification/independent_recompute_f4split.py,8AB0B79D7EF34A4E0CCE6D182544AC8E24E838F234758DDF96F44D78FA7B1EFF,8AB0B79D7EF34A4E0CCE6D182544AC8E24E838F234758DDF96F44D78FA7B1EFF,False,
r1/runs/2026-10-08_claude_mta_cuda_r1_f4split/verification/test_independent_recompute_f4split.py,experiments/2026-10-08_claude_mta_cuda_r1_f4split/verification/test_independent_recompute_f4split.py,871CB93E8EE487D47C0109EC0CBC51881460A9DB97EA7AF926027855AAAE7B96,871CB93E8EE487D47C0109EC0CBC51881460A9DB97EA7AF926027855AAAE7B96,False,
r1/runs/2026-10-08_claude_mta_cuda_r1_f4split/raw_outputs/DELIVERY_VERIFICATION.json,experiments/2026-10-08_claude_mta_cuda_r1_f4split/raw_outputs/DELIVERY_VERIFICATION.json,DF5BB01B706416608224D8ABADD6B8025B19160BE4ACC5D43929405041C29FD7,DF5BB01B706416608224D8ABADD6B8025B19160BE4ACC5D43929405041C29FD7,False,
r1/runs/2026-10-08_claude_mta_cuda_r1_f4split/raw_outputs/2026-10-08_claude_mta_cuda_r1_f4split__public_outputs.tar.gz,experiments/2026-10-08_claude_mta_cuda_r1_f4split/raw_outputs/2026-10-08_claude_mta_cuda_r1_f4split__outputs.tar.gz,17A7E2AC44D198BA2210C352AFA0EE83D80263D2B4955D66F0B901834B25085D,CE2135DB3320179B8D629FBD7645C066E8D076AE51D3B3B985B43195B6D9DD0B,True,subset of 152 members; see MEMBERS
r1/runs/2026-10-08_claude_mta_cuda_r1_f4split/src/benchmark.py,experiments/2026-10-08_claude_mta_cuda_r1_f4split/env/transfer_v8/code_snapshot.tar.gz:benchmark.py,02588D75DADA8B5D2F7C2CB9A60447AA7D121504D3DE4BC70B2632F6AA1998A4,02588D75DADA8B5D2F7C2CB9A60447AA7D121504D3DE4BC70B2632F6AA1998A4,False,member of the v8 code snapshot archive
r1/runs/2026-10-08_claude_mta_cuda_r1_f4split/src/r1/__init__.py,experiments/2026-10-08_claude_mta_cuda_r1_f4split/env/transfer_v8/code_snapshot.tar.gz:r1/__init__.py,C42BD7233BC6992D8D356ACDB9682EECAE6638A55C5B7A95356B185CB17AAE40,C42BD7233BC6992D8D356ACDB9682EECAE6638A55C5B7A95356B185CB17AAE40,False,member of the v8 code snapshot archive
r1/runs/2026-10-08_claude_mta_cuda_r1_f4split/src/r1/aggregate_r1.py,experiments/2026-10-08_claude_mta_cuda_r1_f4split/env/transfer_v8/code_snapshot.tar.gz:r1/aggregate_r1.py,301AA589613520E77684659160D49B33C0F1A0E045A54648554B48A202651610,301AA589613520E77684659160D49B33C0F1A0E045A54648554B48A202651610,False,member of the v8 code snapshot archive
r1/runs/2026-10-08_claude_mta_cuda_r1_f4split/src/r1/aggregate_tierd.py,experiments/2026-10-08_claude_mta_cuda_r1_f4split/env/transfer_v8/code_snapshot.tar.gz:r1/aggregate_tierd.py,D0481F7592EAE68CFA163FE3BC6D3E76258A9B9B8F207AA5D3E5004B6183B79C,D0481F7592EAE68CFA163FE3BC6D3E76258A9B9B8F207AA5D3E5004B6183B79C,False,member of the v8 code snapshot archive
r1/runs/2026-10-08_claude_mta_cuda_r1_f4split/src/r1/check_f10.py,experiments/2026-10-08_claude_mta_cuda_r1_f4split/env/transfer_v8/code_snapshot.tar.gz:r1/check_f10.py,0D0AF2A0A0FD94FFDE8A841291DA6FAC86A2C3B47FC41F925DAADBEB0A7E8C1A,0D0AF2A0A0FD94FFDE8A841291DA6FAC86A2C3B47FC41F925DAADBEB0A7E8C1A,False,member of the v8 code snapshot archive
r1/runs/2026-10-08_claude_mta_cuda_r1_f4split/src/r1/check_models.py,experiments/2026-10-08_claude_mta_cuda_r1_f4split/env/transfer_v8/code_snapshot.tar.gz:r1/check_models.py,F6A92E9AC1660BB0C0EEEFFE541A0BE8CFDEDF6D790906A394A76096A3C4E30D,F6A92E9AC1660BB0C0EEEFFE541A0BE8CFDEDF6D790906A394A76096A3C4E30D,False,member of the v8 code snapshot archive
r1/runs/2026-10-08_claude_mta_cuda_r1_f4split/src/r1/check_tierd.py,experiments/2026-10-08_claude_mta_cuda_r1_f4split/env/transfer_v8/code_snapshot.tar.gz:r1/check_tierd.py,A3968B2D8AB00559A7EDD7AF8C3190290BEBC82DED8D7023C85B114AD9B70C62,A3968B2D8AB00559A7EDD7AF8C3190290BEBC82DED8D7023C85B114AD9B70C62,False,member of the v8 code snapshot archive
r1/runs/2026-10-08_claude_mta_cuda_r1_f4split/src/r1/durability_smoke.sh,experiments/2026-10-08_claude_mta_cuda_r1_f4split/env/transfer_v8/code_snapshot.tar.gz:r1/durability_smoke.sh,11C6E8AC5A5AD3D5902AD3913EB39F27DB22E05F19DB2BEEE862A7C829F76643,11C6E8AC5A5AD3D5902AD3913EB39F27DB22E05F19DB2BEEE862A7C829F76643,False,member of the v8 code snapshot archive
r1/runs/2026-10-08_claude_mta_cuda_r1_f4split/src/r1/f10_macs.py,experiments/2026-10-08_claude_mta_cuda_r1_f4split/env/transfer_v8/code_snapshot.tar.gz:r1/f10_macs.py,6C98637F29877267DABCB424A80CF04F8B543D2FF3FB88622DAB1A21BB02F155,6C98637F29877267DABCB424A80CF04F8B543D2FF3FB88622DAB1A21BB02F155,False,member of the v8 code snapshot archive
r1/runs/2026-10-08_claude_mta_cuda_r1_f4split/src/r1/f10_timing.py,experiments/2026-10-08_claude_mta_cuda_r1_f4split/env/transfer_v8/code_snapshot.tar.gz:r1/f10_timing.py,58505C41A060F8F6D22D948678486DF6013E25C2E41932B3808D57F43F8984B7,58505C41A060F8F6D22D948678486DF6013E25C2E41932B3808D57F43F8984B7,False,member of the v8 code snapshot archive
r1/runs/2026-10-08_claude_mta_cuda_r1_f4split/src/r1/golden_check.py,experiments/2026-10-08_claude_mta_cuda_r1_f4split/env/transfer_v8/code_snapshot.tar.gz:r1/golden_check.py,55F4E98823AFC9C67C39461F876CED34DB9A922D374AF58A5A69237A8AC5448A,55F4E98823AFC9C67C39461F876CED34DB9A922D374AF58A5A69237A8AC5448A,False,member of the v8 code snapshot archive
r1/runs/2026-10-08_claude_mta_cuda_r1_f4split/src/r1/launch_batch.sh,experiments/2026-10-08_claude_mta_cuda_r1_f4split/env/transfer_v8/code_snapshot.tar.gz:r1/launch_batch.sh,1074607568AAE4FA8EB99762508217CC02C433B88F9EE92CED982376733B6256,1074607568AAE4FA8EB99762508217CC02C433B88F9EE92CED982376733B6256,False,member of the v8 code snapshot archive
r1/runs/2026-10-08_claude_mta_cuda_r1_f4split/src/r1/r1_analysis_manifest.py,experiments/2026-10-08_claude_mta_cuda_r1_f4split/env/transfer_v8/code_snapshot.tar.gz:r1/r1_analysis_manifest.py,5E20BAD06C96C8544AB9B9882516FFA1E1EE23A416A1D3F92E66DC06AB13B76B,5E20BAD06C96C8544AB9B9882516FFA1E1EE23A416A1D3F92E66DC06AB13B76B,False,member of the v8 code snapshot archive
r1/runs/2026-10-08_claude_mta_cuda_r1_f4split/src/r1/r1_data.py,experiments/2026-10-08_claude_mta_cuda_r1_f4split/env/transfer_v8/code_snapshot.tar.gz:r1/r1_data.py,DC39371F7902EF1657D88885DEAFF66068866239DCE6579DA07B22A732DD68D1,DC39371F7902EF1657D88885DEAFF66068866239DCE6579DA07B22A732DD68D1,False,member of the v8 code snapshot archive
r1/runs/2026-10-08_claude_mta_cuda_r1_f4split/src/r1/r1_models.py,experiments/2026-10-08_claude_mta_cuda_r1_f4split/env/transfer_v8/code_snapshot.tar.gz:r1/r1_models.py,B40DF46B8DCD5E8F9BBDFE827C0E61F22D7B55DCE6FF452810ADB4A57845B9E4,B40DF46B8DCD5E8F9BBDFE827C0E61F22D7B55DCE6FF452810ADB4A57845B9E4,False,member of the v8 code snapshot archive
r1/runs/2026-10-08_claude_mta_cuda_r1_f4split/src/r1/r1_plan.py,experiments/2026-10-08_claude_mta_cuda_r1_f4split/env/transfer_v8/code_snapshot.tar.gz:r1/r1_plan.py,6EA9283C71FFBBBCBAA6E1B230A2B79CFF2714A37A973DF21F78395921030958,6EA9283C71FFBBBCBAA6E1B230A2B79CFF2714A37A973DF21F78395921030958,False,member of the v8 code snapshot archive
r1/runs/2026-10-08_claude_mta_cuda_r1_f4split/src/r1/r1_runner.py,experiments/2026-10-08_claude_mta_cuda_r1_f4split/env/transfer_v8/code_snapshot.tar.gz:r1/r1_runner.py,2F2A058398CBE59E12F7521C4837FFB93BEE9A3C799AE89429E0A2D4AA587D49,2F2A058398CBE59E12F7521C4837FFB93BEE9A3C799AE89429E0A2D4AA587D49,False,member of the v8 code snapshot archive
r1/runs/2026-10-08_claude_mta_cuda_r1_f4split/src/r1/run_worker.sh,experiments/2026-10-08_claude_mta_cuda_r1_f4split/env/transfer_v8/code_snapshot.tar.gz:r1/run_worker.sh,9249D3E406B0D1CE35D7E3567FD15FE49A3279ADC2F01654B08B0E9CFF450C60,9249D3E406B0D1CE35D7E3567FD15FE49A3279ADC2F01654B08B0E9CFF450C60,False,member of the v8 code snapshot archive
r1/runs/2026-10-08_claude_mta_cuda_r1_f4split/src/r1/test_aggregate_stats.py,experiments/2026-10-08_claude_mta_cuda_r1_f4split/env/transfer_v8/code_snapshot.tar.gz:r1/test_aggregate_stats.py,31132766FE9E754977D8F2BACFE6B7D788A2C1F259D1D9E149D9025365EF0CE9,31132766FE9E754977D8F2BACFE6B7D788A2C1F259D1D9E149D9025365EF0CE9,False,member of the v8 code snapshot archive
r1/runs/2026-10-08_claude_mta_cuda_r1_f4split/src/r1/verify_delivery.py,experiments/2026-10-08_claude_mta_cuda_r1_f4split/env/transfer_v8/code_snapshot.tar.gz:r1/verify_delivery.py,604F277A0F767C4299B5CCAE4E64A739BC330FE015DEAC8CBFC7C0BCD3C7CC03,604F277A0F767C4299B5CCAE4E64A739BC330FE015DEAC8CBFC7C0BCD3C7CC03,False,member of the v8 code snapshot archive
r1/runs/2026-10-08_claude_mta_cuda_r1_f4split/src/requirements.txt,experiments/2026-10-08_claude_mta_cuda_r1_f4split/env/transfer_v8/code_snapshot.tar.gz:requirements.txt,319C6C665A2F586393A7D839F5DAC563E651E4DFFE682022A986F743B055FEDC,319C6C665A2F586393A7D839F5DAC563E651E4DFFE682022A986F743B055FEDC,False,member of the v8 code snapshot archive
r1/runs/2026-10-08_claude_mta_cuda_r1_f4split/src/src/__init__.py,experiments/2026-10-08_claude_mta_cuda_r1_f4split/env/transfer_v8/code_snapshot.tar.gz:src/__init__.py,0ABC22DF692CB0BC6CCD8488A9FF7B1B897E2CA753CEE33E9B12A75AF95B2DBF,0ABC22DF692CB0BC6CCD8488A9FF7B1B897E2CA753CEE33E9B12A75AF95B2DBF,False,member of the v8 code snapshot archive
r1/runs/2026-10-08_claude_mta_cuda_r1_f4split/src/src/data.py,experiments/2026-10-08_claude_mta_cuda_r1_f4split/env/transfer_v8/code_snapshot.tar.gz:src/data.py,7800E7EFFB53C13DD65F38FF15374EB61ECD4259C8D666E3DCF01E93A2199123,7800E7EFFB53C13DD65F38FF15374EB61ECD4259C8D666E3DCF01E93A2199123,False,member of the v8 code snapshot archive
r1/runs/2026-10-08_claude_mta_cuda_r1_f4split/src/src/models.py,experiments/2026-10-08_claude_mta_cuda_r1_f4split/env/transfer_v8/code_snapshot.tar.gz:src/models.py,431D217E2B7D82FBEDFA2E8E2E123E0857D3A0254357DB86CD5EA31E728E693E,431D217E2B7D82FBEDFA2E8E2E123E0857D3A0254357DB86CD5EA31E728E693E,False,member of the v8 code snapshot archive
r1/runs/2026-10-08_claude_mta_cuda_r1_f4split/src/src/sampling.py,experiments/2026-10-08_claude_mta_cuda_r1_f4split/env/transfer_v8/code_snapshot.tar.gz:src/sampling.py,8D7A044A6999C69EBF007E1F4E499A1621C65C9F4CC124919044C6BB88D58819,8D7A044A6999C69EBF007E1F4E499A1621C65C9F4CC124919044C6BB88D58819,False,member of the v8 code snapshot archive
r1/runs/2026-10-08_claude_mta_cuda_r1_f4split/src/src/train_eval.py,experiments/2026-10-08_claude_mta_cuda_r1_f4split/env/transfer_v8/code_snapshot.tar.gz:src/train_eval.py,1C4C28B45ABBA78100873AAFF8D089D7CD6873EB74B4EEFA75D5FDB406E8D1BE,1C4C28B45ABBA78100873AAFF8D089D7CD6873EB74B4EEFA75D5FDB406E8D1BE,False,member of the v8 code snapshot archive
r1/runs/2026-10-08_claude_mta_cuda_r1_f4split/src/timing_benchmark.py,experiments/2026-10-08_claude_mta_cuda_r1_f4split/env/transfer_v8/code_snapshot.tar.gz:timing_benchmark.py,B80828E4ADD1F7922FA4C92B290EAFEB526AE698F622990BB7B9B1C7788697BB,B80828E4ADD1F7922FA4C92B290EAFEB526AE698F622990BB7B9B1C7788697BB,False,member of the v8 code snapshot archive
r1/runs/2026-10-08_claude_mta_cuda_r1_f4split/src/CODE_MANIFEST.json,experiments/2026-10-08_claude_mta_cuda_r1_f4split/env/transfer_v8/code_snapshot_manifest.json,B9FAC010FEC664EBEA2AD0E534F8A13AB911CF695E056C4B6C1C14FAE0E1C1E8,B9FAC010FEC664EBEA2AD0E534F8A13AB911CF695E056C4B6C1C14FAE0E1C1E8,False,the v8 transfer manifest
r1/runs/2026-10-08_claude_mta_cuda_r1_f4split/src/r1/aggregate_f4split.py,dann_benchmark/r1/aggregate_f4split.py,F71092EDBA41BC3C11B037B1D38138BB3DA872C437B0BF75529D592EDE0F26DB,F71092EDBA41BC3C11B037B1D38138BB3DA872C437B0BF75529D592EDE0F26DB,False,analysis bound before the results; not part of the executed snapshot
